[91097671] SB viisp:ping words=2
[91097671] GA viisp:ping GCMD[0]: 00000d00 40000026
[91098123] SB viisp:stock-opening-0 words=3655
[91098123] GA viisp:stock-opening-0 GCMD[0]: 00000d00 12020003 00000000 00000000 00000000 12000002 00000000 00000000
[91098123] GA viisp:stock-opening-0 GCMD[8]: 12050004 00000000 00000000 00000000 00000000 17000010 00000000 00000000
[91098123] GA viisp:stock-opening-0 GCMD[16]: 00000000 00000000 00000000 00000000 00000000 00000000 00000000 00000000
[91098123] GA viisp:stock-opening-0 GCMD[24]: 00000000 00000000 00000000 00000000 00000000 00000000 17500010 00000000
[91098123] GA viisp:stock-opening-0 GCMD[32]: 00000000 00000000 00000000 00000000 00000000 00000000 00000000 00000000
[91098123] GA viisp:stock-opening-0 GCMD[40]: 00000000 00000000 00000000 00000000 00000000 00000000 00000000 1d00000a
[91098123] GA viisp:stock-opening-0 GCMD[48]: 00000000 00000000 00000000 00000000 00000000 00000000 00000000 00000000
[91098123] GA viisp:stock-opening-0 GCMD[56]: 00000000 00000000 1d0a0001 00000000 2d0b01e0 00000000 00000000 00000000
[91098123] GA viisp:stock-opening-0 GCMD[64]: 00000000 00000000 00000000 00000000 00000000 00000000 00000000 00000000
[91098123] GA viisp:stock-opening-0 GCMD[72]: 00000000 00000000 00000000 00000000 00000000 00000000 00000000 00000000
[91098123] GA viisp:stock-opening-0 GCMD[80]: 00000000 00000000 00000000 00000000 00000000 00000000 00000000 00000000
[91098123] GA viisp:stock-opening-0 GCMD[88]: 00000000 00000000 00000000 00000000 00000000 00000000 00000000 00000000
[91098123] GA viisp:stock-opening-0 GCMD[96]: 00000000 00000000 00000000 00000000 00000000 00000000 00000000 00000000
[91098123] GA viisp:stock-opening-0 GCMD[104]: 00000000 00000000 00000000 00000000 00000000 00000000 00000000 00000000
[91098123] GA viisp:stock-opening-0 GCMD[112]: 00000000 00000000 00000000 00000000 00000000 00000000 00000000 00000000
[91098123] GA viisp:stock-opening-0 GCMD[120]: 00000000 00000000 00000000 00000000 00000000 00000000 00000000 00000000
[91098123] GA viisp:stock-opening-0 GCMD[128]: 00000000 00000000 00000000 00000000 00000000 00000000 00000000 00000000
[91098123] GA viisp:stock-opening-0 GCMD[136]: 00000000 00000000 00000000 00000000 00000000 00000000 00000000 00000000
[91098123] GA viisp:stock-opening-0 GCMD[144]: 00000000 00000000 00000000 00000000 00000000 00000000 00000000 00000000
[91098123] GA viisp:stock-opening-0 GCMD[152]: 00000000 00000000 00000000 00000000 00000000 00000000 00000000 00000000
[91098123] GA viisp:stock-opening-0 GCMD[160]: 00000000 00000000 00000000 00000000 00000000 00000000 00000000 00000000
[91098123] GA viisp:stock-opening-0 GCMD[168]: 00000000 00000000 00000000 00000000 00000000 00000000 00000000 00000000
[91098123] GA viisp:stock-opening-0 GCMD[176]: 00000000 00000000 00000000 00000000 00000000 00000000 00000000 00000000
[91098123] GA viisp:stock-opening-0 GCMD[184]: 00000000 00000000 00000000 00000000 00000000 00000000 00000000 00000000
[91098123] GA viisp:stock-opening-0 GCMD[192]: 00000000 00000000 00000000 00000000 00000000 00000000 00000000 00000000
[91098123] GA viisp:stock-opening-0 GCMD[200]: 00000000 00000000 00000000 00000000 00000000 00000000 00000000 00000000
[91098123] GA viisp:stock-opening-0 GCMD[208]: 00000000 00000000 00000000 00000000 00000000 00000000 00000000 00000000
[91098123] GA viisp:stock-opening-0 GCMD[216]: 00000000 00000000 00000000 00000000 00000000 00000000 00000000 00000000
[91098123] GA viisp:stock-opening-0 GCMD[224]: 00000000 00000000 00000000 00000000 00000000 00000000 00000000 00000000
[91098123] GA viisp:stock-opening-0 GCMD[232]: 00000000 00000000 00000000 00000000 00000000 00000000 00000000 00000000
[91098123] GA viisp:stock-opening-0 GCMD[240]: 00000000 00000000 00000000 00000000 00000000 00000000 00000000 00000000
[91098123] GA viisp:stock-opening-0 GCMD[248]: 00000000 00000000 00000000 00000000 00000000 00000000 00000000 00000000
[91098123] GA viisp:stock-opening-0 GCMD[256]: 00000000 00000000 00000000 00000000 00000000 00000000 00000000 00000000
[91098123] GA viisp:stock-opening-0 GCMD[264]: 00000000 00000000 00000000 00000000 00000000 00000000 00000000 00000000
[91098123] GA viisp:stock-opening-0 GCMD[272]: 00000000 00000000 00000000 00000000 00000000 00000000 00000000 00000000
[91098123] GA viisp:stock-opening-0 GCMD[280]: 00000000 00000000 00000000 00000000 00000000 00000000 00000000 00000000
[91098123] GA viisp:stock-opening-0 GCMD[288]: 00000000 00000000 00000000 00000000 00000000 00000000 00000000 00000000
[91098123] GA viisp:stock-opening-0 GCMD[296]: 00000000 00000000 00000000 00000000 00000000 00000000 00000000 00000000
[91098123] GA viisp:stock-opening-0 GCMD[304]: 00000000 00000000 00000000 00000000 00000000 00000000 00000000 00000000
[91098123] GA viisp:stock-opening-0 GCMD[312]: 00000000 00000000 00000000 00000000 00000000 00000000 00000000 00000000
[91098123] GA viisp:stock-opening-0 GCMD[320]: 00000000 00000000 00000000 00000000 00000000 00000000 00000000 00000000
[91098123] GA viisp:stock-opening-0 GCMD[328]: 00000000 00000000 00000000 00000000 00000000 00000000 00000000 00000000
[91098123] GA viisp:stock-opening-0 GCMD[336]: 00000000 00000000 00000000 00000000 00000000 00000000 00000000 00000000
[91098123] GA viisp:stock-opening-0 GCMD[344]: 00000000 00000000 00000000 00000000 00000000 00000000 00000000 00000000
[91098123] GA viisp:stock-opening-0 GCMD[352]: 00000000 00000000 00000000 00000000 00000000 00000000 00000000 00000000
[91098123] GA viisp:stock-opening-0 GCMD[360]: 00000000 00000000 00000000 00000000 00000000 00000000 00000000 00000000
[91098123] GA viisp:stock-opening-0 GCMD[368]: 00000000 00000000 00000000 00000000 00000000 00000000 00000000 00000000
[91098123] GA viisp:stock-opening-0 GCMD[376]: 00000000 00000000 00000000 00000000 00000000 00000000 00000000 00000000
[91098123] GA viisp:stock-opening-0 GCMD[384]: 00000000 00000000 00000000 00000000 00000000 00000000 00000000 00000000
[91098123] GA viisp:stock-opening-0 GCMD[392]: 00000000 00000000 00000000 00000000 00000000 00000000 00000000 00000000
[91098123] GA viisp:stock-opening-0 GCMD[400]: 00000000 00000000 00000000 00000000 00000000 00000000 00000000 00000000
[91098123] GA viisp:stock-opening-0 GCMD[408]: 00000000 00000000 00000000 00000000 00000000 00000000 00000000 00000000
[91098123] GA viisp:stock-opening-0 GCMD[416]: 00000000 00000000 00000000 00000000 00000000 00000000 00000000 00000000
[91098123] GA viisp:stock-opening-0 GCMD[424]: 00000000 00000000 00000000 00000000 00000000 00000000 00000000 00000000
[91098123] GA viisp:stock-opening-0 GCMD[432]: 00000000 00000000 00000000 00000000 00000000 00000000 00000000 00000000
[91098123] GA viisp:stock-opening-0 GCMD[440]: 00000000 00000000 00000000 00000000 00000000 00000000 00000000 00000000
[91098123] GA viisp:stock-opening-0 GCMD[448]: 00000000 00000000 00000000 00000000 00000000 00000000 00000000 00000000
[91098123] GA viisp:stock-opening-0 GCMD[456]: 00000000 00000000 00000000 00000000 00000000 00000000 00000000 00000000
[91098123] GA viisp:stock-opening-0 GCMD[464]: 00000000 00000000 00000000 00000000 00000000 00000000 00000000 00000000
[91098123] GA viisp:stock-opening-0 GCMD[472]: 00000000 00000000 00000000 00000000 00000000 00000000 00000000 00000000
[91098123] GA viisp:stock-opening-0 GCMD[480]: 00000000 00000000 00000000 00000000 00000000 00000000 00000000 00000000
[91098123] GA viisp:stock-opening-0 GCMD[488]: 00000000 00000000 00000000 00000000 00000000 00000000 00000000 00000000
[91098123] GA viisp:stock-opening-0 GCMD[496]: 00000000 00000000 00000000 00000000 00000000 00000000 00000000 00000000
[91098123] GA viisp:stock-opening-0 GCMD[504]: 00000000 00000000 00000000 00000000 00000000 00000000 00000000 00000000
[91098123] GA viisp:stock-opening-0 GCMD[512]: 00000000 00000000 00000000 00000000 00000000 00000000 00000000 00000000
[91098123] GA viisp:stock-opening-0 GCMD[520]: 00000000 00000000 00000000 00000000 00000000 00000000 00000000 00000000
[91098123] GA viisp:stock-opening-0 GCMD[528]: 00000000 00000000 00000000 00000000 00000000 00000000 00000000 00000000
[91098123] GA viisp:stock-opening-0 GCMD[536]: 00000000 00000000 00000000 00000000 00000000 1d0c0002 00000000 00000000
[91098123] GA viisp:stock-opening-0 GCMD[544]: 1d200006 00000000 00000000 00000000 00000000 00000000 00000000 19000002
[91098123] GA viisp:stock-opening-0 GCMD[552]: 00000000 00000000 19020001 00000000 29030040 00000000 00000000 00000000
[91098123] GA viisp:stock-opening-0 GCMD[560]: 00000000 00000000 00000000 00000000 00000000 00000000 00000000 00000000
[91098123] GA viisp:stock-opening-0 GCMD[568]: 00000000 00000000 00000000 00000000 00000000 00000000 00000000 00000000
[91098123] GA viisp:stock-opening-0 GCMD[576]: 00000000 00000000 00000000 00000000 00000000 00000000 00000000 00000000
[91098123] GA viisp:stock-opening-0 GCMD[584]: 00000000 00000000 00000000 00000000 00000000 00000000 00000000 00000000
[91098123] GA viisp:stock-opening-0 GCMD[592]: 00000000 00000000 00000000 00000000 00000000 00000000 00000000 00000000
[91098123] GA viisp:stock-opening-0 GCMD[600]: 00000000 00000000 00000000 00000000 00000000 00000000 00000000 00000000
[91098123] GA viisp:stock-opening-0 GCMD[608]: 00000000 00000000 00000000 00000000 00000000 00000000 00000000 00000000
[91098123] GA viisp:stock-opening-0 GCMD[616]: 00000000 00000000 00000000 00000000 00000000 19040002 00000000 00000000
[91098123] GA viisp:stock-opening-0 GCMD[624]: 19060001 00000000 29070024 00000000 00000000 00000000 00000000 00000000
[91098123] GA viisp:stock-opening-0 GCMD[632]: 00000000 00000000 00000000 00000000 00000000 00000000 00000000 00000000
[91098123] GA viisp:stock-opening-0 GCMD[640]: 00000000 00000000 00000000 00000000 00000000 00000000 00000000 00000000
[91098123] GA viisp:stock-opening-0 GCMD[648]: 00000000 00000000 00000000 00000000 00000000 00000000 00000000 00000000
[91098123] GA viisp:stock-opening-0 GCMD[656]: 00000000 00000000 00000000 00000000 00000000 00000000 00000000 19080001
[91098123] GA viisp:stock-opening-0 GCMD[664]: 00000000 1920000a 00000000 00000000 00000000 00000000 00000000 00000000
[91098123] GA viisp:stock-opening-0 GCMD[672]: 00000000 00000000 00000000 00000000 19090007 00000000 00000000 00000000
[91098123] GA viisp:stock-opening-0 GCMD[680]: 00000000 00000000 00000000 00000000 19100009 00000000 00000000 00000000
[91098123] GA viisp:stock-opening-0 GCMD[688]: 00000000 00000000 00000000 00000000 00000000 00000000 19190001 00000000
[91098123] GA viisp:stock-opening-0 GCMD[696]: 291a0009 00000000 00000000 00000000 00000000 00000000 00000000 00000000
[91098123] GA viisp:stock-opening-0 GCMD[704]: 00000000 00000200 191b0001 00000000 291c0009 00000000 00000000 00000000
[91098123] GA viisp:stock-opening-0 GCMD[712]: 00000000 00000000 00000000 00000000 00000000 00000000 191d0001 00000000
[91098123] GA viisp:stock-opening-0 GCMD[720]: 291e0009 00000000 00000000 00000000 00000000 00000000 00000000 00000000
[91098123] GA viisp:stock-opening-0 GCMD[728]: 00000000 00000000 191f0001 00000002 15060009 00000000 00000000 00000000
[91098123] GA viisp:stock-opening-0 GCMD[736]: 00000000 00000000 00000000 00000000 00000000 00000000 16000010 00000000
[91098123] GA viisp:stock-opening-0 GCMD[744]: 00000000 00000000 00000000 00000000 00000000 00000000 00000000 00000000
[91098123] GA viisp:stock-opening-0 GCMD[752]: 00000000 00000000 00000000 00000000 00000000 00000000 00000000 16500001
[91098123] GA viisp:stock-opening-0 GCMD[760]: 00000000 16510001 00000000 26520101 00000000 00000000 00000000 00000000
[91098123] GA viisp:stock-opening-0 GCMD[768]: 00000000 00000000 00000000 00000000 00000000 00000000 00000000 00000000
[91098123] GA viisp:stock-opening-0 GCMD[776]: 00000000 00000000 00000000 00000000 00000000 00000000 00000000 00000000
[91098123] GA viisp:stock-opening-0 GCMD[784]: 00000000 00000000 00000000 00000000 00000000 00000000 00000000 00000000
[91098123] GA viisp:stock-opening-0 GCMD[792]: 00000000 00000000 00000000 00000000 00000000 00000000 00000000 00000000
[91098123] GA viisp:stock-opening-0 GCMD[800]: 00000000 00000000 00000000 00000000 00000000 00000000 00000000 00000000
[91098123] GA viisp:stock-opening-0 GCMD[808]: 00000000 00000000 00000000 00000000 00000000 00000000 00000000 00000000
[91098123] GA viisp:stock-opening-0 GCMD[816]: 00000000 00000000 00000000 00000000 00000000 00000000 00000000 00000000
[91098123] GA viisp:stock-opening-0 GCMD[824]: 00000000 00000000 00000000 00000000 00000000 00000000 00000000 00000000
[91098123] GA viisp:stock-opening-0 GCMD[832]: 00000000 00000000 00000000 00000000 00000000 00000000 00000000 00000000
[91098123] GA viisp:stock-opening-0 GCMD[840]: 00000000 00000000 00000000 00000000 00000000 00000000 00000000 00000000
[91098123] GA viisp:stock-opening-0 GCMD[848]: 00000000 00000000 00000000 00000000 00000000 00000000 00000000 00000000
[91098123] GA viisp:stock-opening-0 GCMD[856]: 00000000 00000000 00000000 00000000 00000000 00000000 00000000 00000000
[91098123] GA viisp:stock-opening-0 GCMD[864]: 00000000 00000000 00000000 00000000 00000000 00000000 00000000 00000000
[91098123] GA viisp:stock-opening-0 GCMD[872]: 00000000 00000000 00000000 00000000 00000000 00000000 00000000 00000000
[91098123] GA viisp:stock-opening-0 GCMD[880]: 00000000 00000000 00000000 00000000 00000000 00000000 00000000 00000000
[91098123] GA viisp:stock-opening-0 GCMD[888]: 00000000 00000000 00000000 00000000 00000000 00000000 00000000 00000000
[91098123] GA viisp:stock-opening-0 GCMD[896]: 00000000 00000000 00000000 00000000 00000000 00000000 00000000 00000000
[91098123] GA viisp:stock-opening-0 GCMD[904]: 00000000 00000000 00000000 00000000 00000000 00000000 00000000 00000000
[91098123] GA viisp:stock-opening-0 GCMD[912]: 00000000 00000000 00000000 00000000 00000000 00000000 00000000 00000000
[91098123] GA viisp:stock-opening-0 GCMD[920]: 00000000 00000000 00000000 00000000 00000000 00000000 00000000 00000000
[91098123] GA viisp:stock-opening-0 GCMD[928]: 00000000 00000000 00000000 00000000 00000000 00000000 00000000 00000000
[91098123] GA viisp:stock-opening-0 GCMD[936]: 00000000 00000000 00000000 00000000 00000000 00000000 00000000 00000000
[91098123] GA viisp:stock-opening-0 GCMD[944]: 00000000 00000000 00000000 00000000 00000000 00000000 00000000 00000000
[91098123] GA viisp:stock-opening-0 GCMD[952]: 00000000 00000000 00000000 00000000 00000000 00000000 00000000 00000000
[91098123] GA viisp:stock-opening-0 GCMD[960]: 00000000 00000000 00000000 00000000 00000000 00000000 00000000 00000000
[91098123] GA viisp:stock-opening-0 GCMD[968]: 00000000 00000000 00000000 00000000 00000000 00000000 00000000 00000000
[91098123] GA viisp:stock-opening-0 GCMD[976]: 00000000 00000000 00000000 00000000 00000000 00000000 00000000 00000000
[91098123] GA viisp:stock-opening-0 GCMD[984]: 00000000 00000000 00000000 00000000 00000000 00000000 00000000 00000000
[91098123] GA viisp:stock-opening-0 GCMD[992]: 00000000 00000000 00000000 00000000 00000000 00000000 00000000 00000000
[91098123] GA viisp:stock-opening-0 GCMD[1000]: 00000000 00000000 00000000 00000000 00000000 00000000 00000000 00000000
[91098123] GA viisp:stock-opening-0 GCMD[1008]: 00000000 00000000 00000000 00000000 00000000 00000000 00000000 00000000
[91098123] GA viisp:stock-opening-0 GCMD[1016]: 00000000 00000000 00000000 00000000 00000000 16530001 00000000 26540101
[91098123] GA viisp:stock-opening-0 GCMD[1024]: 00000000 00000000 00000000 00000000 00000000 00000000 00000000 00000000
[91098123] GA viisp:stock-opening-0 GCMD[1032]: 00000000 00000000 00000000 00000000 00000000 00000000 00000000 00000000
[91098123] GA viisp:stock-opening-0 GCMD[1040]: 00000000 00000000 00000000 00000000 00000000 00000000 00000000 00000000
[91098123] GA viisp:stock-opening-0 GCMD[1048]: 00000000 00000000 00000000 00000000 00000000 00000000 00000000 00000000
[91098123] GA viisp:stock-opening-0 GCMD[1056]: 00000000 00000000 00000000 00000000 00000000 00000000 00000000 00000000
[91098123] GA viisp:stock-opening-0 GCMD[1064]: 00000000 00000000 00000000 00000000 00000000 00000000 00000000 00000000
[91098123] GA viisp:stock-opening-0 GCMD[1072]: 00000000 00000000 00000000 00000000 00000000 00000000 00000000 00000000
[91098123] GA viisp:stock-opening-0 GCMD[1080]: 00000000 00000000 00000000 00000000 00000000 00000000 00000000 00000000
[91098123] GA viisp:stock-opening-0 GCMD[1088]: 00000000 00000000 00000000 00000000 00000000 00000000 00000000 00000000
[91098123] GA viisp:stock-opening-0 GCMD[1096]: 00000000 00000000 00000000 00000000 00000000 00000000 00000000 00000000
[91098123] GA viisp:stock-opening-0 GCMD[1104]: 00000000 00000000 00000000 00000000 00000000 00000000 00000000 00000000
[91098123] GA viisp:stock-opening-0 GCMD[1112]: 00000000 00000000 00000000 00000000 00000000 00000000 00000000 00000000
[91098123] GA viisp:stock-opening-0 GCMD[1120]: 00000000 00000000 00000000 00000000 00000000 00000000 00000000 00000000
[91098123] GA viisp:stock-opening-0 GCMD[1128]: 00000000 00000000 00000000 00000000 00000000 00000000 00000000 00000000
[91098123] GA viisp:stock-opening-0 GCMD[1136]: 00000000 00000000 00000000 00000000 00000000 00000000 00000000 00000000
[91098123] GA viisp:stock-opening-0 GCMD[1144]: 00000000 00000000 00000000 00000000 00000000 00000000 00000000 00000000
[91098123] GA viisp:stock-opening-0 GCMD[1152]: 00000000 00000000 00000000 00000000 00000000 00000000 00000000 00000000
[91098123] GA viisp:stock-opening-0 GCMD[1160]: 00000000 00000000 00000000 00000000 00000000 00000000 00000000 00000000
[91098123] GA viisp:stock-opening-0 GCMD[1168]: 00000000 00000000 00000000 00000000 00000000 00000000 00000000 00000000
[91098123] GA viisp:stock-opening-0 GCMD[1176]: 00000000 00000000 00000000 00000000 00000000 00000000 00000000 00000000
[91098123] GA viisp:stock-opening-0 GCMD[1184]: 00000000 00000000 00000000 00000000 00000000 00000000 00000000 00000000
[91098123] GA viisp:stock-opening-0 GCMD[1192]: 00000000 00000000 00000000 00000000 00000000 00000000 00000000 00000000
[91098123] GA viisp:stock-opening-0 GCMD[1200]: 00000000 00000000 00000000 00000000 00000000 00000000 00000000 00000000
[91098123] GA viisp:stock-opening-0 GCMD[1208]: 00000000 00000000 00000000 00000000 00000000 00000000 00000000 00000000
[91098123] GA viisp:stock-opening-0 GCMD[1216]: 00000000 00000000 00000000 00000000 00000000 00000000 00000000 00000000
[91098123] GA viisp:stock-opening-0 GCMD[1224]: 00000000 00000000 00000000 00000000 00000000 00000000 00000000 00000000
[91098123] GA viisp:stock-opening-0 GCMD[1232]: 00000000 00000000 00000000 00000000 00000000 00000000 00000000 00000000
[91098123] GA viisp:stock-opening-0 GCMD[1240]: 00000000 00000000 00000000 00000000 00000000 00000000 00000000 00000000
[91098123] GA viisp:stock-opening-0 GCMD[1248]: 00000000 00000000 00000000 00000000 00000000 00000000 00000000 00000000
[91098123] GA viisp:stock-opening-0 GCMD[1256]: 00000000 00000000 00000000 00000000 00000000 00000000 00000000 00000000
[91098123] GA viisp:stock-opening-0 GCMD[1264]: 00000000 00000000 00000000 00000000 00000000 00000000 00000000 00000000
[91098123] GA viisp:stock-opening-0 GCMD[1272]: 00000000 00000000 00000000 00000000 00000000 00000000 00000000 00000000
[91098123] GA viisp:stock-opening-0 GCMD[1280]: 00000000 16550001 00000000 26560101 00000000 00000000 00000000 00000000
[91098123] GA viisp:stock-opening-0 GCMD[1288]: 00000000 00000000 00000000 00000000 00000000 00000000 00000000 00000000
[91098123] GA viisp:stock-opening-0 GCMD[1296]: 00000000 00000000 00000000 00000000 00000000 00000000 00000000 00000000
[91098123] GA viisp:stock-opening-0 GCMD[1304]: 00000000 00000000 00000000 00000000 00000000 00000000 00000000 00000000
[91098123] GA viisp:stock-opening-0 GCMD[1312]: 00000000 00000000 00000000 00000000 00000000 00000000 00000000 00000000
[91098123] GA viisp:stock-opening-0 GCMD[1320]: 00000000 00000000 00000000 00000000 00000000 00000000 00000000 00000000
[91098123] GA viisp:stock-opening-0 GCMD[1328]: 00000000 00000000 00000000 00000000 00000000 00000000 00000000 00000000
[91098123] GA viisp:stock-opening-0 GCMD[1336]: 00000000 00000000 00000000 00000000 00000000 00000000 00000000 00000000
[91098123] GA viisp:stock-opening-0 GCMD[1344]: 00000000 00000000 00000000 00000000 00000000 00000000 00000000 00000000
[91098123] GA viisp:stock-opening-0 GCMD[1352]: 00000000 00000000 00000000 00000000 00000000 00000000 00000000 00000000
[91098123] GA viisp:stock-opening-0 GCMD[1360]: 00000000 00000000 00000000 00000000 00000000 00000000 00000000 00000000
[91098123] GA viisp:stock-opening-0 GCMD[1368]: 00000000 00000000 00000000 00000000 00000000 00000000 00000000 00000000
[91098123] GA viisp:stock-opening-0 GCMD[1376]: 00000000 00000000 00000000 00000000 00000000 00000000 00000000 00000000
[91098123] GA viisp:stock-opening-0 GCMD[1384]: 00000000 00000000 00000000 00000000 00000000 00000000 00000000 00000000
[91098123] GA viisp:stock-opening-0 GCMD[1392]: 00000000 00000000 00000000 00000000 00000000 00000000 00000000 00000000
[91098123] GA viisp:stock-opening-0 GCMD[1400]: 00000000 00000000 00000000 00000000 00000000 00000000 00000000 00000000
[91098123] GA viisp:stock-opening-0 GCMD[1408]: 00000000 00000000 00000000 00000000 00000000 00000000 00000000 00000000
[91098123] GA viisp:stock-opening-0 GCMD[1416]: 00000000 00000000 00000000 00000000 00000000 00000000 00000000 00000000
[91098123] GA viisp:stock-opening-0 GCMD[1424]: 00000000 00000000 00000000 00000000 00000000 00000000 00000000 00000000
[91098123] GA viisp:stock-opening-0 GCMD[1432]: 00000000 00000000 00000000 00000000 00000000 00000000 00000000 00000000
[91098123] GA viisp:stock-opening-0 GCMD[1440]: 00000000 00000000 00000000 00000000 00000000 00000000 00000000 00000000
[91098123] GA viisp:stock-opening-0 GCMD[1448]: 00000000 00000000 00000000 00000000 00000000 00000000 00000000 00000000
[91098123] GA viisp:stock-opening-0 GCMD[1456]: 00000000 00000000 00000000 00000000 00000000 00000000 00000000 00000000
[91098123] GA viisp:stock-opening-0 GCMD[1464]: 00000000 00000000 00000000 00000000 00000000 00000000 00000000 00000000
[91098123] GA viisp:stock-opening-0 GCMD[1472]: 00000000 00000000 00000000 00000000 00000000 00000000 00000000 00000000
[91098123] GA viisp:stock-opening-0 GCMD[1480]: 00000000 00000000 00000000 00000000 00000000 00000000 00000000 00000000
[91098123] GA viisp:stock-opening-0 GCMD[1488]: 00000000 00000000 00000000 00000000 00000000 00000000 00000000 00000000
[91098123] GA viisp:stock-opening-0 GCMD[1496]: 00000000 00000000 00000000 00000000 00000000 00000000 00000000 00000000
[91098123] GA viisp:stock-opening-0 GCMD[1504]: 00000000 00000000 00000000 00000000 00000000 00000000 00000000 00000000
[91098123] GA viisp:stock-opening-0 GCMD[1512]: 00000000 00000000 00000000 00000000 00000000 00000000 00000000 00000000
[91098123] GA viisp:stock-opening-0 GCMD[1520]: 00000000 00000000 00000000 00000000 00000000 00000000 00000000 00000000
[91098123] GA viisp:stock-opening-0 GCMD[1528]: 00000000 00000000 00000000 00000000 00000000 00000000 00000000 00000000
[91098123] GA viisp:stock-opening-0 GCMD[1536]: 00000000 00000000 00000000 00000000 00000000 16570001 00000000 26580101
[91098123] GA viisp:stock-opening-0 GCMD[1544]: 00000000 00000000 00000000 00000000 00000000 00000000 00000000 00000000
[91098123] GA viisp:stock-opening-0 GCMD[1552]: 00000000 00000000 00000000 00000000 00000000 00000000 00000000 00000000
[91098123] GA viisp:stock-opening-0 GCMD[1560]: 00000000 00000000 00000000 00000000 00000000 00000000 00000000 00000000
[91098123] GA viisp:stock-opening-0 GCMD[1568]: 00000000 00000000 00000000 00000000 00000000 00000000 00000000 00000000
[91098123] GA viisp:stock-opening-0 GCMD[1576]: 00000000 00000000 00000000 00000000 00000000 00000000 00000000 00000000
[91098123] GA viisp:stock-opening-0 GCMD[1584]: 00000000 00000000 00000000 00000000 00000000 00000000 00000000 00000000
[91098123] GA viisp:stock-opening-0 GCMD[1592]: 00000000 00000000 00000000 00000000 00000000 00000000 00000000 00000000
[91098123] GA viisp:stock-opening-0 GCMD[1600]: 00000000 00000000 00000000 00000000 00000000 00000000 00000000 00000000
[91098123] GA viisp:stock-opening-0 GCMD[1608]: 00000000 00000000 00000000 00000000 00000000 00000000 00000000 00000000
[91098123] GA viisp:stock-opening-0 GCMD[1616]: 00000000 00000000 00000000 00000000 00000000 00000000 00000000 00000000
[91098123] GA viisp:stock-opening-0 GCMD[1624]: 00000000 00000000 00000000 00000000 00000000 00000000 00000000 00000000
[91098123] GA viisp:stock-opening-0 GCMD[1632]: 00000000 00000000 00000000 00000000 00000000 00000000 00000000 00000000
[91098123] GA viisp:stock-opening-0 GCMD[1640]: 00000000 00000000 00000000 00000000 00000000 00000000 00000000 00000000
[91098123] GA viisp:stock-opening-0 GCMD[1648]: 00000000 00000000 00000000 00000000 00000000 00000000 00000000 00000000
[91098123] GA viisp:stock-opening-0 GCMD[1656]: 00000000 00000000 00000000 00000000 00000000 00000000 00000000 00000000
[91098123] GA viisp:stock-opening-0 GCMD[1664]: 00000000 00000000 00000000 00000000 00000000 00000000 00000000 00000000
[91098123] GA viisp:stock-opening-0 GCMD[1672]: 00000000 00000000 00000000 00000000 00000000 00000000 00000000 00000000
[91098123] GA viisp:stock-opening-0 GCMD[1680]: 00000000 00000000 00000000 00000000 00000000 00000000 00000000 00000000
[91098123] GA viisp:stock-opening-0 GCMD[1688]: 00000000 00000000 00000000 00000000 00000000 00000000 00000000 00000000
[91098123] GA viisp:stock-opening-0 GCMD[1696]: 00000000 00000000 00000000 00000000 00000000 00000000 00000000 00000000
[91098123] GA viisp:stock-opening-0 GCMD[1704]: 00000000 00000000 00000000 00000000 00000000 00000000 00000000 00000000
[91098123] GA viisp:stock-opening-0 GCMD[1712]: 00000000 00000000 00000000 00000000 00000000 00000000 00000000 00000000
[91098123] GA viisp:stock-opening-0 GCMD[1720]: 00000000 00000000 00000000 00000000 00000000 00000000 00000000 00000000
[91098123] GA viisp:stock-opening-0 GCMD[1728]: 00000000 00000000 00000000 00000000 00000000 00000000 00000000 00000000
[91098123] GA viisp:stock-opening-0 GCMD[1736]: 00000000 00000000 00000000 00000000 00000000 00000000 00000000 00000000
[91098123] GA viisp:stock-opening-0 GCMD[1744]: 00000000 00000000 00000000 00000000 00000000 00000000 00000000 00000000
[91098123] GA viisp:stock-opening-0 GCMD[1752]: 00000000 00000000 00000000 00000000 00000000 00000000 00000000 00000000
[91098123] GA viisp:stock-opening-0 GCMD[1760]: 00000000 00000000 00000000 00000000 00000000 00000000 00000000 00000000
[91098123] GA viisp:stock-opening-0 GCMD[1768]: 00000000 00000000 00000000 00000000 00000000 00000000 00000000 00000000
[91098123] GA viisp:stock-opening-0 GCMD[1776]: 00000000 00000000 00000000 00000000 00000000 00000000 00000000 00000000
[91098123] GA viisp:stock-opening-0 GCMD[1784]: 00000000 00000000 00000000 00000000 00000000 00000000 00000000 00000000
[91098123] GA viisp:stock-opening-0 GCMD[1792]: 00000000 00000000 00000000 00000000 00000000 00000000 00000000 00000000
[91098123] GA viisp:stock-opening-0 GCMD[1800]: 00000000 13000004 00000000 00000000 00000000 00000000 13040004 00000000
[91098123] GA viisp:stock-opening-0 GCMD[1808]: 00000000 00000000 00000000 10530002 00000000 00000000 00000d00 200c0001
[91098123] GA viisp:stock-opening-0 GCMD[1816]: 0000000f 00000d00 10180005 00000000 00000400 00000000 00000200 00000002
[91098123] GA viisp:stock-opening-0 GCMD[1824]: 101e0001 00000000 101f0001 00000001 105f0001 00000010 00000d00 12020003
[91098123] GA viisp:stock-opening-0 GCMD[1832]: 00000000 00000000 00000000 12000002 00000000 00000000 12050004 00000000
[91098123] GA viisp:stock-opening-0 GCMD[1840]: 00000000 00000000 00000000 17000010 00000000 00000000 00000000 00000000
[91098123] GA viisp:stock-opening-0 GCMD[1848]: 00000000 00000000 00000000 00000000 00000000 00000000 00000000 00000000
[91098123] GA viisp:stock-opening-0 GCMD[1856]: 00000000 00000000 00000000 00000000 17500010 00000000 00000000 00000000
[91098123] GA viisp:stock-opening-0 GCMD[1864]: 00000000 00000000 00000000 00000000 00000000 00000000 00000000 00000000
[91098123] GA viisp:stock-opening-0 GCMD[1872]: 00000000 00000000 00000000 00000000 00000000 1d00000a 00000000 00000000
[91098123] GA viisp:stock-opening-0 GCMD[1880]: 00000000 00000000 00000000 00000000 00000000 00000000 00000000 00000000
[91098123] GA viisp:stock-opening-0 GCMD[1888]: 1d0a0001 00000000 2d0b01e0 00000000 00000000 00000000 00000000 00000000
[91098123] GA viisp:stock-opening-0 GCMD[1896]: 00000000 00000000 00000000 00000000 00000000 00000000 00000000 00000000
[91098123] GA viisp:stock-opening-0 GCMD[1904]: 00000000 00000000 00000000 00000000 00000000 00000000 00000000 00000000
[91098123] GA viisp:stock-opening-0 GCMD[1912]: 00000000 00000000 00000000 00000000 00000000 00000000 00000000 00000000
[91098123] GA viisp:stock-opening-0 GCMD[1920]: 00000000 00000000 00000000 00000000 00000000 00000000 00000000 00000000
[91098123] GA viisp:stock-opening-0 GCMD[1928]: 00000000 00000000 00000000 00000000 00000000 00000000 00000000 00000000
[91098123] GA viisp:stock-opening-0 GCMD[1936]: 00000000 00000000 00000000 00000000 00000000 00000000 00000000 00000000
[91098123] GA viisp:stock-opening-0 GCMD[1944]: 00000000 00000000 00000000 00000000 00000000 00000000 00000000 00000000
[91098123] GA viisp:stock-opening-0 GCMD[1952]: 00000000 00000000 00000000 00000000 00000000 00000000 00000000 00000000
[91098123] GA viisp:stock-opening-0 GCMD[1960]: 00000000 00000000 00000000 00000000 00000000 00000000 00000000 00000000
[91098123] GA viisp:stock-opening-0 GCMD[1968]: 00000000 00000000 00000000 00000000 00000000 00000000 00000000 00000000
[91098123] GA viisp:stock-opening-0 GCMD[1976]: 00000000 00000000 00000000 00000000 00000000 00000000 00000000 00000000
[91098123] GA viisp:stock-opening-0 GCMD[1984]: 00000000 00000000 00000000 00000000 00000000 00000000 00000000 00000000
[91098123] GA viisp:stock-opening-0 GCMD[1992]: 00000000 00000000 00000000 00000000 00000000 00000000 00000000 00000000
[91098123] GA viisp:stock-opening-0 GCMD[2000]: 00000000 00000000 00000000 00000000 00000000 00000000 00000000 00000000
[91098123] GA viisp:stock-opening-0 GCMD[2008]: 00000000 00000000 00000000 00000000 00000000 00000000 00000000 00000000
[91098123] GA viisp:stock-opening-0 GCMD[2016]: 00000000 00000000 00000000 00000000 00000000 00000000 00000000 00000000
[91098123] GA viisp:stock-opening-0 GCMD[2024]: 00000000 00000000 00000000 00000000 00000000 00000000 00000000 00000000
[91098123] GA viisp:stock-opening-0 GCMD[2032]: 00000000 00000000 00000000 00000000 00000000 00000000 00000000 00000000
[91098123] GA viisp:stock-opening-0 GCMD[2040]: 00000000 00000000 00000000 00000000 00000000 00000000 00000000 00000000
[91098123] GA viisp:stock-opening-0 GCMD[2048]: 00000000 00000000 00000000 00000000 00000000 00000000 00000000 00000000
[91098123] GA viisp:stock-opening-0 GCMD[2056]: 00000000 00000000 00000000 00000000 00000000 00000000 00000000 00000000
[91098123] GA viisp:stock-opening-0 GCMD[2064]: 00000000 00000000 00000000 00000000 00000000 00000000 00000000 00000000
[91098123] GA viisp:stock-opening-0 GCMD[2072]: 00000000 00000000 00000000 00000000 00000000 00000000 00000000 00000000
[91098123] GA viisp:stock-opening-0 GCMD[2080]: 00000000 00000000 00000000 00000000 00000000 00000000 00000000 00000000
[91098123] GA viisp:stock-opening-0 GCMD[2088]: 00000000 00000000 00000000 00000000 00000000 00000000 00000000 00000000
[91098123] GA viisp:stock-opening-0 GCMD[2096]: 00000000 00000000 00000000 00000000 00000000 00000000 00000000 00000000
[91098123] GA viisp:stock-opening-0 GCMD[2104]: 00000000 00000000 00000000 00000000 00000000 00000000 00000000 00000000
[91098123] GA viisp:stock-opening-0 GCMD[2112]: 00000000 00000000 00000000 00000000 00000000 00000000 00000000 00000000
[91098123] GA viisp:stock-opening-0 GCMD[2120]: 00000000 00000000 00000000 00000000 00000000 00000000 00000000 00000000
[91098123] GA viisp:stock-opening-0 GCMD[2128]: 00000000 00000000 00000000 00000000 00000000 00000000 00000000 00000000
[91098123] GA viisp:stock-opening-0 GCMD[2136]: 00000000 00000000 00000000 00000000 00000000 00000000 00000000 00000000
[91098123] GA viisp:stock-opening-0 GCMD[2144]: 00000000 00000000 00000000 00000000 00000000 00000000 00000000 00000000
[91098123] GA viisp:stock-opening-0 GCMD[2152]: 00000000 00000000 00000000 00000000 00000000 00000000 00000000 00000000
[91098123] GA viisp:stock-opening-0 GCMD[2160]: 00000000 00000000 00000000 00000000 00000000 00000000 00000000 00000000
[91098123] GA viisp:stock-opening-0 GCMD[2168]: 00000000 00000000 00000000 00000000 00000000 00000000 00000000 00000000
[91098123] GA viisp:stock-opening-0 GCMD[2176]: 00000000 00000000 00000000 00000000 00000000 00000000 00000000 00000000
[91098123] GA viisp:stock-opening-0 GCMD[2184]: 00000000 00000000 00000000 00000000 00000000 00000000 00000000 00000000
[91098123] GA viisp:stock-opening-0 GCMD[2192]: 00000000 00000000 00000000 00000000 00000000 00000000 00000000 00000000
[91098123] GA viisp:stock-opening-0 GCMD[2200]: 00000000 00000000 00000000 00000000 00000000 00000000 00000000 00000000
[91098123] GA viisp:stock-opening-0 GCMD[2208]: 00000000 00000000 00000000 00000000 00000000 00000000 00000000 00000000
[91098123] GA viisp:stock-opening-0 GCMD[2216]: 00000000 00000000 00000000 00000000 00000000 00000000 00000000 00000000
[91098123] GA viisp:stock-opening-0 GCMD[2224]: 00000000 00000000 00000000 00000000 00000000 00000000 00000000 00000000
[91098123] GA viisp:stock-opening-0 GCMD[2232]: 00000000 00000000 00000000 00000000 00000000 00000000 00000000 00000000
[91098123] GA viisp:stock-opening-0 GCMD[2240]: 00000000 00000000 00000000 00000000 00000000 00000000 00000000 00000000
[91098123] GA viisp:stock-opening-0 GCMD[2248]: 00000000 00000000 00000000 00000000 00000000 00000000 00000000 00000000
[91098123] GA viisp:stock-opening-0 GCMD[2256]: 00000000 00000000 00000000 00000000 00000000 00000000 00000000 00000000
[91098123] GA viisp:stock-opening-0 GCMD[2264]: 00000000 00000000 00000000 00000000 00000000 00000000 00000000 00000000
[91098123] GA viisp:stock-opening-0 GCMD[2272]: 00000000 00000000 00000000 00000000 00000000 00000000 00000000 00000000
[91098123] GA viisp:stock-opening-0 GCMD[2280]: 00000000 00000000 00000000 00000000 00000000 00000000 00000000 00000000
[91098123] GA viisp:stock-opening-0 GCMD[2288]: 00000000 00000000 00000000 00000000 00000000 00000000 00000000 00000000
[91098123] GA viisp:stock-opening-0 GCMD[2296]: 00000000 00000000 00000000 00000000 00000000 00000000 00000000 00000000
[91098123] GA viisp:stock-opening-0 GCMD[2304]: 00000000 00000000 00000000 00000000 00000000 00000000 00000000 00000000
[91098123] GA viisp:stock-opening-0 GCMD[2312]: 00000000 00000000 00000000 00000000 00000000 00000000 00000000 00000000
[91098123] GA viisp:stock-opening-0 GCMD[2320]: 00000000 00000000 00000000 00000000 00000000 00000000 00000000 00000000
[91098123] GA viisp:stock-opening-0 GCMD[2328]: 00000000 00000000 00000000 00000000 00000000 00000000 00000000 00000000
[91098123] GA viisp:stock-opening-0 GCMD[2336]: 00000000 00000000 00000000 00000000 00000000 00000000 00000000 00000000
[91098123] GA viisp:stock-opening-0 GCMD[2344]: 00000000 00000000 00000000 00000000 00000000 00000000 00000000 00000000
[91098123] GA viisp:stock-opening-0 GCMD[2352]: 00000000 00000000 00000000 00000000 00000000 00000000 00000000 00000000
[91098123] GA viisp:stock-opening-0 GCMD[2360]: 00000000 00000000 00000000 00000000 00000000 00000000 00000000 00000000
[91098123] GA viisp:stock-opening-0 GCMD[2368]: 00000000 00000000 00000000 1d0c0002 00000000 00000000 1d200006 00000000
[91098123] GA viisp:stock-opening-0 GCMD[2376]: 00000000 00000000 00000000 00000000 00000000 19000002 00000000 00000000
[91098123] GA viisp:stock-opening-0 GCMD[2384]: 19020001 00000000 29030040 00000000 00000000 00000000 00000000 00000000
[91098123] GA viisp:stock-opening-0 GCMD[2392]: 00000000 00000000 00000000 00000000 00000000 00000000 00000000 00000000
[91098123] GA viisp:stock-opening-0 GCMD[2400]: 00000000 00000000 00000000 00000000 00000000 00000000 00000000 00000000
[91098123] GA viisp:stock-opening-0 GCMD[2408]: 00000000 00000000 00000000 00000000 00000000 00000000 00000000 00000000
[91098123] GA viisp:stock-opening-0 GCMD[2416]: 00000000 00000000 00000000 00000000 00000000 00000000 00000000 00000000
[91098123] GA viisp:stock-opening-0 GCMD[2424]: 00000000 00000000 00000000 00000000 00000000 00000000 00000000 00000000
[91098123] GA viisp:stock-opening-0 GCMD[2432]: 00000000 00000000 00000000 00000000 00000000 00000000 00000000 00000000
[91098123] GA viisp:stock-opening-0 GCMD[2440]: 00000000 00000000 00000000 00000000 00000000 00000000 00000000 00000000
[91098123] GA viisp:stock-opening-0 GCMD[2448]: 00000000 00000000 00000000 19040002 00000000 00000000 19060001 00000000
[91098123] GA viisp:stock-opening-0 GCMD[2456]: 29070024 00000000 00000000 00000000 00000000 00000000 00000000 00000000
[91098123] GA viisp:stock-opening-0 GCMD[2464]: 00000000 00000000 00000000 00000000 00000000 00000000 00000000 00000000
[91098123] GA viisp:stock-opening-0 GCMD[2472]: 00000000 00000000 00000000 00000000 00000000 00000000 00000000 00000000
[91098123] GA viisp:stock-opening-0 GCMD[2480]: 00000000 00000000 00000000 00000000 00000000 00000000 00000000 00000000
[91098123] GA viisp:stock-opening-0 GCMD[2488]: 00000000 00000000 00000000 00000000 00000000 19080001 00000000 1920000a
[91098123] GA viisp:stock-opening-0 GCMD[2496]: 00000000 00000000 00000000 00000000 00000000 00000000 00000000 00000000
[91098123] GA viisp:stock-opening-0 GCMD[2504]: 00000000 00000000 19090007 00000000 00000000 00000000 00000000 00000000
[91098123] GA viisp:stock-opening-0 GCMD[2512]: 00000000 00000000 19100009 00000000 00000000 00000000 00000000 00000000
[91098123] GA viisp:stock-opening-0 GCMD[2520]: 00000000 00000000 00000000 00000000 19190001 00000000 291a0009 00000000
[91098123] GA viisp:stock-opening-0 GCMD[2528]: 00000000 00000000 00000000 00000000 00000000 00000000 00000000 00000200
[91098123] GA viisp:stock-opening-0 GCMD[2536]: 191b0001 00000000 291c0009 00000000 00000000 00000000 00000000 00000000
[91098123] GA viisp:stock-opening-0 GCMD[2544]: 00000000 00000000 00000000 00000000 191d0001 00000000 291e0009 00000000
[91098123] GA viisp:stock-opening-0 GCMD[2552]: 00000000 00000000 00000000 00000000 00000000 00000000 00000000 00000000
[91098123] GA viisp:stock-opening-0 GCMD[2560]: 191f0001 00000002 15060009 00000000 00000000 00000000 00000000 00000000
[91098123] GA viisp:stock-opening-0 GCMD[2568]: 00000000 00000000 00000000 00000000 16000010 00000000 00000000 00000000
[91098123] GA viisp:stock-opening-0 GCMD[2576]: 00000000 00000000 00000000 00000000 00000000 00000000 00000000 00000000
[91098123] GA viisp:stock-opening-0 GCMD[2584]: 00000000 00000000 00000000 00000000 00000000 16500001 00000000 16510001
[91098123] GA viisp:stock-opening-0 GCMD[2592]: 00000000 26520101 00000000 00000000 00000000 00000000 00000000 00000000
[91098123] GA viisp:stock-opening-0 GCMD[2600]: 00000000 00000000 00000000 00000000 00000000 00000000 00000000 00000000
[91098123] GA viisp:stock-opening-0 GCMD[2608]: 00000000 00000000 00000000 00000000 00000000 00000000 00000000 00000000
[91098123] GA viisp:stock-opening-0 GCMD[2616]: 00000000 00000000 00000000 00000000 00000000 00000000 00000000 00000000
[91098123] GA viisp:stock-opening-0 GCMD[2624]: 00000000 00000000 00000000 00000000 00000000 00000000 00000000 00000000
[91098123] GA viisp:stock-opening-0 GCMD[2632]: 00000000 00000000 00000000 00000000 00000000 00000000 00000000 00000000
[91098123] GA viisp:stock-opening-0 GCMD[2640]: 00000000 00000000 00000000 00000000 00000000 00000000 00000000 00000000
[91098123] GA viisp:stock-opening-0 GCMD[2648]: 00000000 00000000 00000000 00000000 00000000 00000000 00000000 00000000
[91098123] GA viisp:stock-opening-0 GCMD[2656]: 00000000 00000000 00000000 00000000 00000000 00000000 00000000 00000000
[91098123] GA viisp:stock-opening-0 GCMD[2664]: 00000000 00000000 00000000 00000000 00000000 00000000 00000000 00000000
[91098123] GA viisp:stock-opening-0 GCMD[2672]: 00000000 00000000 00000000 00000000 00000000 00000000 00000000 00000000
[91098123] GA viisp:stock-opening-0 GCMD[2680]: 00000000 00000000 00000000 00000000 00000000 00000000 00000000 00000000
[91098123] GA viisp:stock-opening-0 GCMD[2688]: 00000000 00000000 00000000 00000000 00000000 00000000 00000000 00000000
[91098123] GA viisp:stock-opening-0 GCMD[2696]: 00000000 00000000 00000000 00000000 00000000 00000000 00000000 00000000
[91098123] GA viisp:stock-opening-0 GCMD[2704]: 00000000 00000000 00000000 00000000 00000000 00000000 00000000 00000000
[91098123] GA viisp:stock-opening-0 GCMD[2712]: 00000000 00000000 00000000 00000000 00000000 00000000 00000000 00000000
[91098123] GA viisp:stock-opening-0 GCMD[2720]: 00000000 00000000 00000000 00000000 00000000 00000000 00000000 00000000
[91098123] GA viisp:stock-opening-0 GCMD[2728]: 00000000 00000000 00000000 00000000 00000000 00000000 00000000 00000000
[91098123] GA viisp:stock-opening-0 GCMD[2736]: 00000000 00000000 00000000 00000000 00000000 00000000 00000000 00000000
[91098123] GA viisp:stock-opening-0 GCMD[2744]: 00000000 00000000 00000000 00000000 00000000 00000000 00000000 00000000
[91098123] GA viisp:stock-opening-0 GCMD[2752]: 00000000 00000000 00000000 00000000 00000000 00000000 00000000 00000000
[91098123] GA viisp:stock-opening-0 GCMD[2760]: 00000000 00000000 00000000 00000000 00000000 00000000 00000000 00000000
[91098123] GA viisp:stock-opening-0 GCMD[2768]: 00000000 00000000 00000000 00000000 00000000 00000000 00000000 00000000
[91098123] GA viisp:stock-opening-0 GCMD[2776]: 00000000 00000000 00000000 00000000 00000000 00000000 00000000 00000000
[91098123] GA viisp:stock-opening-0 GCMD[2784]: 00000000 00000000 00000000 00000000 00000000 00000000 00000000 00000000
[91098123] GA viisp:stock-opening-0 GCMD[2792]: 00000000 00000000 00000000 00000000 00000000 00000000 00000000 00000000
[91098123] GA viisp:stock-opening-0 GCMD[2800]: 00000000 00000000 00000000 00000000 00000000 00000000 00000000 00000000
[91098123] GA viisp:stock-opening-0 GCMD[2808]: 00000000 00000000 00000000 00000000 00000000 00000000 00000000 00000000
[91098123] GA viisp:stock-opening-0 GCMD[2816]: 00000000 00000000 00000000 00000000 00000000 00000000 00000000 00000000
[91098123] GA viisp:stock-opening-0 GCMD[2824]: 00000000 00000000 00000000 00000000 00000000 00000000 00000000 00000000
[91098123] GA viisp:stock-opening-0 GCMD[2832]: 00000000 00000000 00000000 00000000 00000000 00000000 00000000 00000000
[91098123] GA viisp:stock-opening-0 GCMD[2840]: 00000000 00000000 00000000 00000000 00000000 00000000 00000000 00000000
[91098123] GA viisp:stock-opening-0 GCMD[2848]: 00000000 00000000 00000000 16530001 00000000 26540101 00000000 00000000
[91098123] GA viisp:stock-opening-0 GCMD[2856]: 00000000 00000000 00000000 00000000 00000000 00000000 00000000 00000000
[91098123] GA viisp:stock-opening-0 GCMD[2864]: 00000000 00000000 00000000 00000000 00000000 00000000 00000000 00000000
[91098123] GA viisp:stock-opening-0 GCMD[2872]: 00000000 00000000 00000000 00000000 00000000 00000000 00000000 00000000
[91098123] GA viisp:stock-opening-0 GCMD[2880]: 00000000 00000000 00000000 00000000 00000000 00000000 00000000 00000000
[91098123] GA viisp:stock-opening-0 GCMD[2888]: 00000000 00000000 00000000 00000000 00000000 00000000 00000000 00000000
[91098123] GA viisp:stock-opening-0 GCMD[2896]: 00000000 00000000 00000000 00000000 00000000 00000000 00000000 00000000
[91098123] GA viisp:stock-opening-0 GCMD[2904]: 00000000 00000000 00000000 00000000 00000000 00000000 00000000 00000000
[91098123] GA viisp:stock-opening-0 GCMD[2912]: 00000000 00000000 00000000 00000000 00000000 00000000 00000000 00000000
[91098123] GA viisp:stock-opening-0 GCMD[2920]: 00000000 00000000 00000000 00000000 00000000 00000000 00000000 00000000
[91098123] GA viisp:stock-opening-0 GCMD[2928]: 00000000 00000000 00000000 00000000 00000000 00000000 00000000 00000000
[91098123] GA viisp:stock-opening-0 GCMD[2936]: 00000000 00000000 00000000 00000000 00000000 00000000 00000000 00000000
[91098123] GA viisp:stock-opening-0 GCMD[2944]: 00000000 00000000 00000000 00000000 00000000 00000000 00000000 00000000
[91098123] GA viisp:stock-opening-0 GCMD[2952]: 00000000 00000000 00000000 00000000 00000000 00000000 00000000 00000000
[91098123] GA viisp:stock-opening-0 GCMD[2960]: 00000000 00000000 00000000 00000000 00000000 00000000 00000000 00000000
[91098123] GA viisp:stock-opening-0 GCMD[2968]: 00000000 00000000 00000000 00000000 00000000 00000000 00000000 00000000
[91098123] GA viisp:stock-opening-0 GCMD[2976]: 00000000 00000000 00000000 00000000 00000000 00000000 00000000 00000000
[91098123] GA viisp:stock-opening-0 GCMD[2984]: 00000000 00000000 00000000 00000000 00000000 00000000 00000000 00000000
[91098123] GA viisp:stock-opening-0 GCMD[2992]: 00000000 00000000 00000000 00000000 00000000 00000000 00000000 00000000
[91098123] GA viisp:stock-opening-0 GCMD[3000]: 00000000 00000000 00000000 00000000 00000000 00000000 00000000 00000000
[91098123] GA viisp:stock-opening-0 GCMD[3008]: 00000000 00000000 00000000 00000000 00000000 00000000 00000000 00000000
[91098123] GA viisp:stock-opening-0 GCMD[3016]: 00000000 00000000 00000000 00000000 00000000 00000000 00000000 00000000
[91098123] GA viisp:stock-opening-0 GCMD[3024]: 00000000 00000000 00000000 00000000 00000000 00000000 00000000 00000000
[91098123] GA viisp:stock-opening-0 GCMD[3032]: 00000000 00000000 00000000 00000000 00000000 00000000 00000000 00000000
[91098123] GA viisp:stock-opening-0 GCMD[3040]: 00000000 00000000 00000000 00000000 00000000 00000000 00000000 00000000
[91098123] GA viisp:stock-opening-0 GCMD[3048]: 00000000 00000000 00000000 00000000 00000000 00000000 00000000 00000000
[91098123] GA viisp:stock-opening-0 GCMD[3056]: 00000000 00000000 00000000 00000000 00000000 00000000 00000000 00000000
[91098123] GA viisp:stock-opening-0 GCMD[3064]: 00000000 00000000 00000000 00000000 00000000 00000000 00000000 00000000
[91098123] GA viisp:stock-opening-0 GCMD[3072]: 00000000 00000000 00000000 00000000 00000000 00000000 00000000 00000000
[91098123] GA viisp:stock-opening-0 GCMD[3080]: 00000000 00000000 00000000 00000000 00000000 00000000 00000000 00000000
[91098123] GA viisp:stock-opening-0 GCMD[3088]: 00000000 00000000 00000000 00000000 00000000 00000000 00000000 00000000
[91098123] GA viisp:stock-opening-0 GCMD[3096]: 00000000 00000000 00000000 00000000 00000000 00000000 00000000 00000000
[91098123] GA viisp:stock-opening-0 GCMD[3104]: 00000000 00000000 00000000 00000000 00000000 00000000 00000000 16550001
[91098123] GA viisp:stock-opening-0 GCMD[3112]: 00000000 26560101 00000000 00000000 00000000 00000000 00000000 00000000
[91098123] GA viisp:stock-opening-0 GCMD[3120]: 00000000 00000000 00000000 00000000 00000000 00000000 00000000 00000000
[91098123] GA viisp:stock-opening-0 GCMD[3128]: 00000000 00000000 00000000 00000000 00000000 00000000 00000000 00000000
[91098123] GA viisp:stock-opening-0 GCMD[3136]: 00000000 00000000 00000000 00000000 00000000 00000000 00000000 00000000
[91098123] GA viisp:stock-opening-0 GCMD[3144]: 00000000 00000000 00000000 00000000 00000000 00000000 00000000 00000000
[91098123] GA viisp:stock-opening-0 GCMD[3152]: 00000000 00000000 00000000 00000000 00000000 00000000 00000000 00000000
[91098123] GA viisp:stock-opening-0 GCMD[3160]: 00000000 00000000 00000000 00000000 00000000 00000000 00000000 00000000
[91098123] GA viisp:stock-opening-0 GCMD[3168]: 00000000 00000000 00000000 00000000 00000000 00000000 00000000 00000000
[91098123] GA viisp:stock-opening-0 GCMD[3176]: 00000000 00000000 00000000 00000000 00000000 00000000 00000000 00000000
[91098123] GA viisp:stock-opening-0 GCMD[3184]: 00000000 00000000 00000000 00000000 00000000 00000000 00000000 00000000
[91098123] GA viisp:stock-opening-0 GCMD[3192]: 00000000 00000000 00000000 00000000 00000000 00000000 00000000 00000000
[91098123] GA viisp:stock-opening-0 GCMD[3200]: 00000000 00000000 00000000 00000000 00000000 00000000 00000000 00000000
[91098123] GA viisp:stock-opening-0 GCMD[3208]: 00000000 00000000 00000000 00000000 00000000 00000000 00000000 00000000
[91098123] GA viisp:stock-opening-0 GCMD[3216]: 00000000 00000000 00000000 00000000 00000000 00000000 00000000 00000000
[91098123] GA viisp:stock-opening-0 GCMD[3224]: 00000000 00000000 00000000 00000000 00000000 00000000 00000000 00000000
[91098123] GA viisp:stock-opening-0 GCMD[3232]: 00000000 00000000 00000000 00000000 00000000 00000000 00000000 00000000
[91098123] GA viisp:stock-opening-0 GCMD[3240]: 00000000 00000000 00000000 00000000 00000000 00000000 00000000 00000000
[91098123] GA viisp:stock-opening-0 GCMD[3248]: 00000000 00000000 00000000 00000000 00000000 00000000 00000000 00000000
[91098123] GA viisp:stock-opening-0 GCMD[3256]: 00000000 00000000 00000000 00000000 00000000 00000000 00000000 00000000
[91098123] GA viisp:stock-opening-0 GCMD[3264]: 00000000 00000000 00000000 00000000 00000000 00000000 00000000 00000000
[91098123] GA viisp:stock-opening-0 GCMD[3272]: 00000000 00000000 00000000 00000000 00000000 00000000 00000000 00000000
[91098123] GA viisp:stock-opening-0 GCMD[3280]: 00000000 00000000 00000000 00000000 00000000 00000000 00000000 00000000
[91098123] GA viisp:stock-opening-0 GCMD[3288]: 00000000 00000000 00000000 00000000 00000000 00000000 00000000 00000000
[91098123] GA viisp:stock-opening-0 GCMD[3296]: 00000000 00000000 00000000 00000000 00000000 00000000 00000000 00000000
[91098123] GA viisp:stock-opening-0 GCMD[3304]: 00000000 00000000 00000000 00000000 00000000 00000000 00000000 00000000
[91098123] GA viisp:stock-opening-0 GCMD[3312]: 00000000 00000000 00000000 00000000 00000000 00000000 00000000 00000000
[91098123] GA viisp:stock-opening-0 GCMD[3320]: 00000000 00000000 00000000 00000000 00000000 00000000 00000000 00000000
[91098123] GA viisp:stock-opening-0 GCMD[3328]: 00000000 00000000 00000000 00000000 00000000 00000000 00000000 00000000
[91098123] GA viisp:stock-opening-0 GCMD[3336]: 00000000 00000000 00000000 00000000 00000000 00000000 00000000 00000000
[91098123] GA viisp:stock-opening-0 GCMD[3344]: 00000000 00000000 00000000 00000000 00000000 00000000 00000000 00000000
[91098123] GA viisp:stock-opening-0 GCMD[3352]: 00000000 00000000 00000000 00000000 00000000 00000000 00000000 00000000
[91098123] GA viisp:stock-opening-0 GCMD[3360]: 00000000 00000000 00000000 00000000 00000000 00000000 00000000 00000000
[91098123] GA viisp:stock-opening-0 GCMD[3368]: 00000000 00000000 00000000 16570001 00000000 26580101 00000000 00000000
[91098123] GA viisp:stock-opening-0 GCMD[3376]: 00000000 00000000 00000000 00000000 00000000 00000000 00000000 00000000
[91098123] GA viisp:stock-opening-0 GCMD[3384]: 00000000 00000000 00000000 00000000 00000000 00000000 00000000 00000000
[91098123] GA viisp:stock-opening-0 GCMD[3392]: 00000000 00000000 00000000 00000000 00000000 00000000 00000000 00000000
[91098123] GA viisp:stock-opening-0 GCMD[3400]: 00000000 00000000 00000000 00000000 00000000 00000000 00000000 00000000
[91098123] GA viisp:stock-opening-0 GCMD[3408]: 00000000 00000000 00000000 00000000 00000000 00000000 00000000 00000000
[91098123] GA viisp:stock-opening-0 GCMD[3416]: 00000000 00000000 00000000 00000000 00000000 00000000 00000000 00000000
[91098123] GA viisp:stock-opening-0 GCMD[3424]: 00000000 00000000 00000000 00000000 00000000 00000000 00000000 00000000
[91098123] GA viisp:stock-opening-0 GCMD[3432]: 00000000 00000000 00000000 00000000 00000000 00000000 00000000 00000000
[91098123] GA viisp:stock-opening-0 GCMD[3440]: 00000000 00000000 00000000 00000000 00000000 00000000 00000000 00000000
[91098123] GA viisp:stock-opening-0 GCMD[3448]: 00000000 00000000 00000000 00000000 00000000 00000000 00000000 00000000
[91098123] GA viisp:stock-opening-0 GCMD[3456]: 00000000 00000000 00000000 00000000 00000000 00000000 00000000 00000000
[91098123] GA viisp:stock-opening-0 GCMD[3464]: 00000000 00000000 00000000 00000000 00000000 00000000 00000000 00000000
[91098123] GA viisp:stock-opening-0 GCMD[3472]: 00000000 00000000 00000000 00000000 00000000 00000000 00000000 00000000
[91098123] GA viisp:stock-opening-0 GCMD[3480]: 00000000 00000000 00000000 00000000 00000000 00000000 00000000 00000000
[91098123] GA viisp:stock-opening-0 GCMD[3488]: 00000000 00000000 00000000 00000000 00000000 00000000 00000000 00000000
[91098123] GA viisp:stock-opening-0 GCMD[3496]: 00000000 00000000 00000000 00000000 00000000 00000000 00000000 00000000
[91098123] GA viisp:stock-opening-0 GCMD[3504]: 00000000 00000000 00000000 00000000 00000000 00000000 00000000 00000000
[91098123] GA viisp:stock-opening-0 GCMD[3512]: 00000000 00000000 00000000 00000000 00000000 00000000 00000000 00000000
[91098123] GA viisp:stock-opening-0 GCMD[3520]: 00000000 00000000 00000000 00000000 00000000 00000000 00000000 00000000
[91098123] GA viisp:stock-opening-0 GCMD[3528]: 00000000 00000000 00000000 00000000 00000000 00000000 00000000 00000000
[91098123] GA viisp:stock-opening-0 GCMD[3536]: 00000000 00000000 00000000 00000000 00000000 00000000 00000000 00000000
[91098123] GA viisp:stock-opening-0 GCMD[3544]: 00000000 00000000 00000000 00000000 00000000 00000000 00000000 00000000
[91098123] GA viisp:stock-opening-0 GCMD[3552]: 00000000 00000000 00000000 00000000 00000000 00000000 00000000 00000000
[91098123] GA viisp:stock-opening-0 GCMD[3560]: 00000000 00000000 00000000 00000000 00000000 00000000 00000000 00000000
[91098123] GA viisp:stock-opening-0 GCMD[3568]: 00000000 00000000 00000000 00000000 00000000 00000000 00000000 00000000
[91098123] GA viisp:stock-opening-0 GCMD[3576]: 00000000 00000000 00000000 00000000 00000000 00000000 00000000 00000000
[91098123] GA viisp:stock-opening-0 GCMD[3584]: 00000000 00000000 00000000 00000000 00000000 00000000 00000000 00000000
[91098123] GA viisp:stock-opening-0 GCMD[3592]: 00000000 00000000 00000000 00000000 00000000 00000000 00000000 00000000
[91098123] GA viisp:stock-opening-0 GCMD[3600]: 00000000 00000000 00000000 00000000 00000000 00000000 00000000 00000000
[91098123] GA viisp:stock-opening-0 GCMD[3608]: 00000000 00000000 00000000 00000000 00000000 00000000 00000000 00000000
[91098123] GA viisp:stock-opening-0 GCMD[3616]: 00000000 00000000 00000000 00000000 00000000 00000000 00000000 00000000
[91098123] GA viisp:stock-opening-0 GCMD[3624]: 00000000 00000000 00000000 00000000 00000000 00000000 00000000 13000004
[91098123] GA viisp:stock-opening-0 GCMD[3632]: 00000000 00000000 00000000 00000000 13040004 00000000 00000000 00000000
[91098123] GA viisp:stock-opening-0 GCMD[3640]: 00000000 10530002 00000000 00000000 00000d00 200c0001 0000000f 00000d00
[91098123] GA viisp:stock-opening-0 GCMD[3648]: 10180005 0a00500a 00008089 013645cb 000001e7 00000001 40000026
[91102557] SB viisp:stock-opening-1 words=1818
[91102557] GA viisp:stock-opening-1 GCMD[0]: 00000d00 12020003 00000000 00000000 00000000 12000002 00000000 00000000
[91102557] GA viisp:stock-opening-1 GCMD[8]: 12050004 00000000 00000000 00000000 00000000 17000010 00000000 00000000
[91102557] GA viisp:stock-opening-1 GCMD[16]: 00000000 00000000 00000000 00000000 00000000 00000000 00000000 00000000
[91102557] GA viisp:stock-opening-1 GCMD[24]: 00000000 00000000 00000000 00000000 00000000 00000000 17500010 00000000
[91102557] GA viisp:stock-opening-1 GCMD[32]: 00000000 00000000 00000000 00000000 00000000 00000000 00000000 00000000
[91102557] GA viisp:stock-opening-1 GCMD[40]: 00000000 00000000 00000000 00000000 00000000 00000000 00000000 1d00000a
[91102557] GA viisp:stock-opening-1 GCMD[48]: 00000000 00000000 00000000 00000000 00000000 00000000 00000000 00000000
[91102557] GA viisp:stock-opening-1 GCMD[56]: 00000000 00000000 1d0a0001 00000000 2d0b01e0 00000000 00000000 00000000
[91102557] GA viisp:stock-opening-1 GCMD[64]: 00000000 00000000 00000000 00000000 00000000 00000000 00000000 00000000
[91102557] GA viisp:stock-opening-1 GCMD[72]: 00000000 00000000 00000000 00000000 00000000 00000000 00000000 00000000
[91102557] GA viisp:stock-opening-1 GCMD[80]: 00000000 00000000 00000000 00000000 00000000 00000000 00000000 00000000
[91102557] GA viisp:stock-opening-1 GCMD[88]: 00000000 00000000 00000000 00000000 00000000 00000000 00000000 00000000
[91102557] GA viisp:stock-opening-1 GCMD[96]: 00000000 00000000 00000000 00000000 00000000 00000000 00000000 00000000
[91102557] GA viisp:stock-opening-1 GCMD[104]: 00000000 00000000 00000000 00000000 00000000 00000000 00000000 00000000
[91102557] GA viisp:stock-opening-1 GCMD[112]: 00000000 00000000 00000000 00000000 00000000 00000000 00000000 00000000
[91102557] GA viisp:stock-opening-1 GCMD[120]: 00000000 00000000 00000000 00000000 00000000 00000000 00000000 00000000
[91102557] GA viisp:stock-opening-1 GCMD[128]: 00000000 00000000 00000000 00000000 00000000 00000000 00000000 00000000
[91102557] GA viisp:stock-opening-1 GCMD[136]: 00000000 00000000 00000000 00000000 00000000 00000000 00000000 00000000
[91102557] GA viisp:stock-opening-1 GCMD[144]: 00000000 00000000 00000000 00000000 00000000 00000000 00000000 00000000
[91102557] GA viisp:stock-opening-1 GCMD[152]: 00000000 00000000 00000000 00000000 00000000 00000000 00000000 00000000
[91102557] GA viisp:stock-opening-1 GCMD[160]: 00000000 00000000 00000000 00000000 00000000 00000000 00000000 00000000
[91102557] GA viisp:stock-opening-1 GCMD[168]: 00000000 00000000 00000000 00000000 00000000 00000000 00000000 00000000
[91102557] GA viisp:stock-opening-1 GCMD[176]: 00000000 00000000 00000000 00000000 00000000 00000000 00000000 00000000
[91102557] GA viisp:stock-opening-1 GCMD[184]: 00000000 00000000 00000000 00000000 00000000 00000000 00000000 00000000
[91102557] GA viisp:stock-opening-1 GCMD[192]: 00000000 00000000 00000000 00000000 00000000 00000000 00000000 00000000
[91102557] GA viisp:stock-opening-1 GCMD[200]: 00000000 00000000 00000000 00000000 00000000 00000000 00000000 00000000
[91102557] GA viisp:stock-opening-1 GCMD[208]: 00000000 00000000 00000000 00000000 00000000 00000000 00000000 00000000
[91102557] GA viisp:stock-opening-1 GCMD[216]: 00000000 00000000 00000000 00000000 00000000 00000000 00000000 00000000
[91102557] GA viisp:stock-opening-1 GCMD[224]: 00000000 00000000 00000000 00000000 00000000 00000000 00000000 00000000
[91102557] GA viisp:stock-opening-1 GCMD[232]: 00000000 00000000 00000000 00000000 00000000 00000000 00000000 00000000
[91102557] GA viisp:stock-opening-1 GCMD[240]: 00000000 00000000 00000000 00000000 00000000 00000000 00000000 00000000
[91102557] GA viisp:stock-opening-1 GCMD[248]: 00000000 00000000 00000000 00000000 00000000 00000000 00000000 00000000
[91102557] GA viisp:stock-opening-1 GCMD[256]: 00000000 00000000 00000000 00000000 00000000 00000000 00000000 00000000
[91102557] GA viisp:stock-opening-1 GCMD[264]: 00000000 00000000 00000000 00000000 00000000 00000000 00000000 00000000
[91102557] GA viisp:stock-opening-1 GCMD[272]: 00000000 00000000 00000000 00000000 00000000 00000000 00000000 00000000
[91102557] GA viisp:stock-opening-1 GCMD[280]: 00000000 00000000 00000000 00000000 00000000 00000000 00000000 00000000
[91102557] GA viisp:stock-opening-1 GCMD[288]: 00000000 00000000 00000000 00000000 00000000 00000000 00000000 00000000
[91102557] GA viisp:stock-opening-1 GCMD[296]: 00000000 00000000 00000000 00000000 00000000 00000000 00000000 00000000
[91102557] GA viisp:stock-opening-1 GCMD[304]: 00000000 00000000 00000000 00000000 00000000 00000000 00000000 00000000
[91102557] GA viisp:stock-opening-1 GCMD[312]: 00000000 00000000 00000000 00000000 00000000 00000000 00000000 00000000
[91102557] GA viisp:stock-opening-1 GCMD[320]: 00000000 00000000 00000000 00000000 00000000 00000000 00000000 00000000
[91102557] GA viisp:stock-opening-1 GCMD[328]: 00000000 00000000 00000000 00000000 00000000 00000000 00000000 00000000
[91102557] GA viisp:stock-opening-1 GCMD[336]: 00000000 00000000 00000000 00000000 00000000 00000000 00000000 00000000
[91102557] GA viisp:stock-opening-1 GCMD[344]: 00000000 00000000 00000000 00000000 00000000 00000000 00000000 00000000
[91102557] GA viisp:stock-opening-1 GCMD[352]: 00000000 00000000 00000000 00000000 00000000 00000000 00000000 00000000
[91102557] GA viisp:stock-opening-1 GCMD[360]: 00000000 00000000 00000000 00000000 00000000 00000000 00000000 00000000
[91102557] GA viisp:stock-opening-1 GCMD[368]: 00000000 00000000 00000000 00000000 00000000 00000000 00000000 00000000
[91102557] GA viisp:stock-opening-1 GCMD[376]: 00000000 00000000 00000000 00000000 00000000 00000000 00000000 00000000
[91102557] GA viisp:stock-opening-1 GCMD[384]: 00000000 00000000 00000000 00000000 00000000 00000000 00000000 00000000
[91102557] GA viisp:stock-opening-1 GCMD[392]: 00000000 00000000 00000000 00000000 00000000 00000000 00000000 00000000
[91102557] GA viisp:stock-opening-1 GCMD[400]: 00000000 00000000 00000000 00000000 00000000 00000000 00000000 00000000
[91102557] GA viisp:stock-opening-1 GCMD[408]: 00000000 00000000 00000000 00000000 00000000 00000000 00000000 00000000
[91102557] GA viisp:stock-opening-1 GCMD[416]: 00000000 00000000 00000000 00000000 00000000 00000000 00000000 00000000
[91102557] GA viisp:stock-opening-1 GCMD[424]: 00000000 00000000 00000000 00000000 00000000 00000000 00000000 00000000
[91102557] GA viisp:stock-opening-1 GCMD[432]: 00000000 00000000 00000000 00000000 00000000 00000000 00000000 00000000
[91102557] GA viisp:stock-opening-1 GCMD[440]: 00000000 00000000 00000000 00000000 00000000 00000000 00000000 00000000
[91102557] GA viisp:stock-opening-1 GCMD[448]: 00000000 00000000 00000000 00000000 00000000 00000000 00000000 00000000
[91102557] GA viisp:stock-opening-1 GCMD[456]: 00000000 00000000 00000000 00000000 00000000 00000000 00000000 00000000
[91102557] GA viisp:stock-opening-1 GCMD[464]: 00000000 00000000 00000000 00000000 00000000 00000000 00000000 00000000
[91102557] GA viisp:stock-opening-1 GCMD[472]: 00000000 00000000 00000000 00000000 00000000 00000000 00000000 00000000
[91102557] GA viisp:stock-opening-1 GCMD[480]: 00000000 00000000 00000000 00000000 00000000 00000000 00000000 00000000
[91102557] GA viisp:stock-opening-1 GCMD[488]: 00000000 00000000 00000000 00000000 00000000 00000000 00000000 00000000
[91102557] GA viisp:stock-opening-1 GCMD[496]: 00000000 00000000 00000000 00000000 00000000 00000000 00000000 00000000
[91102557] GA viisp:stock-opening-1 GCMD[504]: 00000000 00000000 00000000 00000000 00000000 00000000 00000000 00000000
[91102557] GA viisp:stock-opening-1 GCMD[512]: 00000000 00000000 00000000 00000000 00000000 00000000 00000000 00000000
[91102557] GA viisp:stock-opening-1 GCMD[520]: 00000000 00000000 00000000 00000000 00000000 00000000 00000000 00000000
[91102557] GA viisp:stock-opening-1 GCMD[528]: 00000000 00000000 00000000 00000000 00000000 00000000 00000000 00000000
[91102557] GA viisp:stock-opening-1 GCMD[536]: 00000000 00000000 00000000 00000000 00000000 1d0c0002 00000000 00000000
[91102557] GA viisp:stock-opening-1 GCMD[544]: 1d200006 00000000 00000000 00000000 00000000 00000000 00000000 19000002
[91102557] GA viisp:stock-opening-1 GCMD[552]: 00000000 00000000 19020001 00000000 29030040 00000000 00000000 00000000
[91102557] GA viisp:stock-opening-1 GCMD[560]: 00000000 00000000 00000000 00000000 00000000 00000000 00000000 00000000
[91102557] GA viisp:stock-opening-1 GCMD[568]: 00000000 00000000 00000000 00000000 00000000 00000000 00000000 00000000
[91102557] GA viisp:stock-opening-1 GCMD[576]: 00000000 00000000 00000000 00000000 00000000 00000000 00000000 00000000
[91102557] GA viisp:stock-opening-1 GCMD[584]: 00000000 00000000 00000000 00000000 00000000 00000000 00000000 00000000
[91102557] GA viisp:stock-opening-1 GCMD[592]: 00000000 00000000 00000000 00000000 00000000 00000000 00000000 00000000
[91102557] GA viisp:stock-opening-1 GCMD[600]: 00000000 00000000 00000000 00000000 00000000 00000000 00000000 00000000
[91102557] GA viisp:stock-opening-1 GCMD[608]: 00000000 00000000 00000000 00000000 00000000 00000000 00000000 00000000
[91102557] GA viisp:stock-opening-1 GCMD[616]: 00000000 00000000 00000000 00000000 00000000 19040002 00000000 00000000
[91102557] GA viisp:stock-opening-1 GCMD[624]: 19060001 00000000 29070024 00000000 00000000 00000000 00000000 00000000
[91102557] GA viisp:stock-opening-1 GCMD[632]: 00000000 00000000 00000000 00000000 00000000 00000000 00000000 00000000
[91102557] GA viisp:stock-opening-1 GCMD[640]: 00000000 00000000 00000000 00000000 00000000 00000000 00000000 00000000
[91102557] GA viisp:stock-opening-1 GCMD[648]: 00000000 00000000 00000000 00000000 00000000 00000000 00000000 00000000
[91102557] GA viisp:stock-opening-1 GCMD[656]: 00000000 00000000 00000000 00000000 00000000 00000000 00000000 19080001
[91102557] GA viisp:stock-opening-1 GCMD[664]: 00000000 1920000a 00000000 00000000 00000000 00000000 00000000 00000000
[91102557] GA viisp:stock-opening-1 GCMD[672]: 00000000 00000000 00000000 00000000 19090007 00000000 00000000 00000000
[91102557] GA viisp:stock-opening-1 GCMD[680]: 00000000 00000000 00000000 00000000 19100009 00000000 00000000 00000000
[91102557] GA viisp:stock-opening-1 GCMD[688]: 00000000 00000000 00000000 00000000 00000000 00000000 19190001 00000000
[91102557] GA viisp:stock-opening-1 GCMD[696]: 291a0009 00000000 00000000 00000000 00000000 00000000 00000000 00000000
[91102557] GA viisp:stock-opening-1 GCMD[704]: 00000000 00000200 191b0001 00000000 291c0009 00000000 00000000 00000000
[91102557] GA viisp:stock-opening-1 GCMD[712]: 00000000 00000000 00000000 00000000 00000000 00000000 191d0001 00000000
[91102557] GA viisp:stock-opening-1 GCMD[720]: 291e0009 00000000 00000000 00000000 00000000 00000000 00000000 00000000
[91102557] GA viisp:stock-opening-1 GCMD[728]: 00000000 00000000 191f0001 00000002 15060009 00000000 00000000 00000000
[91102557] GA viisp:stock-opening-1 GCMD[736]: 00000000 00000000 00000000 00000000 00000000 00000000 16000010 00000000
[91102557] GA viisp:stock-opening-1 GCMD[744]: 00000000 00000000 00000000 00000000 00000000 00000000 00000000 00000000
[91102557] GA viisp:stock-opening-1 GCMD[752]: 00000000 00000000 00000000 00000000 00000000 00000000 00000000 16500001
[91102557] GA viisp:stock-opening-1 GCMD[760]: 00000000 16510001 00000000 26520101 00000000 00000000 00000000 00000000
[91102557] GA viisp:stock-opening-1 GCMD[768]: 00000000 00000000 00000000 00000000 00000000 00000000 00000000 00000000
[91102557] GA viisp:stock-opening-1 GCMD[776]: 00000000 00000000 00000000 00000000 00000000 00000000 00000000 00000000
[91102557] GA viisp:stock-opening-1 GCMD[784]: 00000000 00000000 00000000 00000000 00000000 00000000 00000000 00000000
[91102557] GA viisp:stock-opening-1 GCMD[792]: 00000000 00000000 00000000 00000000 00000000 00000000 00000000 00000000
[91102557] GA viisp:stock-opening-1 GCMD[800]: 00000000 00000000 00000000 00000000 00000000 00000000 00000000 00000000
[91102557] GA viisp:stock-opening-1 GCMD[808]: 00000000 00000000 00000000 00000000 00000000 00000000 00000000 00000000
[91102557] GA viisp:stock-opening-1 GCMD[816]: 00000000 00000000 00000000 00000000 00000000 00000000 00000000 00000000
[91102557] GA viisp:stock-opening-1 GCMD[824]: 00000000 00000000 00000000 00000000 00000000 00000000 00000000 00000000
[91102557] GA viisp:stock-opening-1 GCMD[832]: 00000000 00000000 00000000 00000000 00000000 00000000 00000000 00000000
[91102557] GA viisp:stock-opening-1 GCMD[840]: 00000000 00000000 00000000 00000000 00000000 00000000 00000000 00000000
[91102557] GA viisp:stock-opening-1 GCMD[848]: 00000000 00000000 00000000 00000000 00000000 00000000 00000000 00000000
[91102557] GA viisp:stock-opening-1 GCMD[856]: 00000000 00000000 00000000 00000000 00000000 00000000 00000000 00000000
[91102557] GA viisp:stock-opening-1 GCMD[864]: 00000000 00000000 00000000 00000000 00000000 00000000 00000000 00000000
[91102557] GA viisp:stock-opening-1 GCMD[872]: 00000000 00000000 00000000 00000000 00000000 00000000 00000000 00000000
[91102557] GA viisp:stock-opening-1 GCMD[880]: 00000000 00000000 00000000 00000000 00000000 00000000 00000000 00000000
[91102557] GA viisp:stock-opening-1 GCMD[888]: 00000000 00000000 00000000 00000000 00000000 00000000 00000000 00000000
[91102557] GA viisp:stock-opening-1 GCMD[896]: 00000000 00000000 00000000 00000000 00000000 00000000 00000000 00000000
[91102557] GA viisp:stock-opening-1 GCMD[904]: 00000000 00000000 00000000 00000000 00000000 00000000 00000000 00000000
[91102557] GA viisp:stock-opening-1 GCMD[912]: 00000000 00000000 00000000 00000000 00000000 00000000 00000000 00000000
[91102557] GA viisp:stock-opening-1 GCMD[920]: 00000000 00000000 00000000 00000000 00000000 00000000 00000000 00000000
[91102557] GA viisp:stock-opening-1 GCMD[928]: 00000000 00000000 00000000 00000000 00000000 00000000 00000000 00000000
[91102557] GA viisp:stock-opening-1 GCMD[936]: 00000000 00000000 00000000 00000000 00000000 00000000 00000000 00000000
[91102557] GA viisp:stock-opening-1 GCMD[944]: 00000000 00000000 00000000 00000000 00000000 00000000 00000000 00000000
[91102557] GA viisp:stock-opening-1 GCMD[952]: 00000000 00000000 00000000 00000000 00000000 00000000 00000000 00000000
[91102557] GA viisp:stock-opening-1 GCMD[960]: 00000000 00000000 00000000 00000000 00000000 00000000 00000000 00000000
[91102557] GA viisp:stock-opening-1 GCMD[968]: 00000000 00000000 00000000 00000000 00000000 00000000 00000000 00000000
[91102557] GA viisp:stock-opening-1 GCMD[976]: 00000000 00000000 00000000 00000000 00000000 00000000 00000000 00000000
[91102557] GA viisp:stock-opening-1 GCMD[984]: 00000000 00000000 00000000 00000000 00000000 00000000 00000000 00000000
[91102557] GA viisp:stock-opening-1 GCMD[992]: 00000000 00000000 00000000 00000000 00000000 00000000 00000000 00000000
[91102557] GA viisp:stock-opening-1 GCMD[1000]: 00000000 00000000 00000000 00000000 00000000 00000000 00000000 00000000
[91102557] GA viisp:stock-opening-1 GCMD[1008]: 00000000 00000000 00000000 00000000 00000000 00000000 00000000 00000000
[91102557] GA viisp:stock-opening-1 GCMD[1016]: 00000000 00000000 00000000 00000000 00000000 16530001 00000000 26540101
[91102557] GA viisp:stock-opening-1 GCMD[1024]: 00000000 00000000 00000000 00000000 00000000 00000000 00000000 00000000
[91102557] GA viisp:stock-opening-1 GCMD[1032]: 00000000 00000000 00000000 00000000 00000000 00000000 00000000 00000000
[91102557] GA viisp:stock-opening-1 GCMD[1040]: 00000000 00000000 00000000 00000000 00000000 00000000 00000000 00000000
[91102557] GA viisp:stock-opening-1 GCMD[1048]: 00000000 00000000 00000000 00000000 00000000 00000000 00000000 00000000
[91102557] GA viisp:stock-opening-1 GCMD[1056]: 00000000 00000000 00000000 00000000 00000000 00000000 00000000 00000000
[91102557] GA viisp:stock-opening-1 GCMD[1064]: 00000000 00000000 00000000 00000000 00000000 00000000 00000000 00000000
[91102557] GA viisp:stock-opening-1 GCMD[1072]: 00000000 00000000 00000000 00000000 00000000 00000000 00000000 00000000
[91102557] GA viisp:stock-opening-1 GCMD[1080]: 00000000 00000000 00000000 00000000 00000000 00000000 00000000 00000000
[91102557] GA viisp:stock-opening-1 GCMD[1088]: 00000000 00000000 00000000 00000000 00000000 00000000 00000000 00000000
[91102557] GA viisp:stock-opening-1 GCMD[1096]: 00000000 00000000 00000000 00000000 00000000 00000000 00000000 00000000
[91102557] GA viisp:stock-opening-1 GCMD[1104]: 00000000 00000000 00000000 00000000 00000000 00000000 00000000 00000000
[91102557] GA viisp:stock-opening-1 GCMD[1112]: 00000000 00000000 00000000 00000000 00000000 00000000 00000000 00000000
[91102557] GA viisp:stock-opening-1 GCMD[1120]: 00000000 00000000 00000000 00000000 00000000 00000000 00000000 00000000
[91102557] GA viisp:stock-opening-1 GCMD[1128]: 00000000 00000000 00000000 00000000 00000000 00000000 00000000 00000000
[91102557] GA viisp:stock-opening-1 GCMD[1136]: 00000000 00000000 00000000 00000000 00000000 00000000 00000000 00000000
[91102557] GA viisp:stock-opening-1 GCMD[1144]: 00000000 00000000 00000000 00000000 00000000 00000000 00000000 00000000
[91102557] GA viisp:stock-opening-1 GCMD[1152]: 00000000 00000000 00000000 00000000 00000000 00000000 00000000 00000000
[91102557] GA viisp:stock-opening-1 GCMD[1160]: 00000000 00000000 00000000 00000000 00000000 00000000 00000000 00000000
[91102557] GA viisp:stock-opening-1 GCMD[1168]: 00000000 00000000 00000000 00000000 00000000 00000000 00000000 00000000
[91102557] GA viisp:stock-opening-1 GCMD[1176]: 00000000 00000000 00000000 00000000 00000000 00000000 00000000 00000000
[91102557] GA viisp:stock-opening-1 GCMD[1184]: 00000000 00000000 00000000 00000000 00000000 00000000 00000000 00000000
[91102557] GA viisp:stock-opening-1 GCMD[1192]: 00000000 00000000 00000000 00000000 00000000 00000000 00000000 00000000
[91102557] GA viisp:stock-opening-1 GCMD[1200]: 00000000 00000000 00000000 00000000 00000000 00000000 00000000 00000000
[91102557] GA viisp:stock-opening-1 GCMD[1208]: 00000000 00000000 00000000 00000000 00000000 00000000 00000000 00000000
[91102557] GA viisp:stock-opening-1 GCMD[1216]: 00000000 00000000 00000000 00000000 00000000 00000000 00000000 00000000
[91102557] GA viisp:stock-opening-1 GCMD[1224]: 00000000 00000000 00000000 00000000 00000000 00000000 00000000 00000000
[91102557] GA viisp:stock-opening-1 GCMD[1232]: 00000000 00000000 00000000 00000000 00000000 00000000 00000000 00000000
[91102557] GA viisp:stock-opening-1 GCMD[1240]: 00000000 00000000 00000000 00000000 00000000 00000000 00000000 00000000
[91102557] GA viisp:stock-opening-1 GCMD[1248]: 00000000 00000000 00000000 00000000 00000000 00000000 00000000 00000000
[91102557] GA viisp:stock-opening-1 GCMD[1256]: 00000000 00000000 00000000 00000000 00000000 00000000 00000000 00000000
[91102557] GA viisp:stock-opening-1 GCMD[1264]: 00000000 00000000 00000000 00000000 00000000 00000000 00000000 00000000
[91102557] GA viisp:stock-opening-1 GCMD[1272]: 00000000 00000000 00000000 00000000 00000000 00000000 00000000 00000000
[91102557] GA viisp:stock-opening-1 GCMD[1280]: 00000000 16550001 00000000 26560101 00000000 00000000 00000000 00000000
[91102557] GA viisp:stock-opening-1 GCMD[1288]: 00000000 00000000 00000000 00000000 00000000 00000000 00000000 00000000
[91102557] GA viisp:stock-opening-1 GCMD[1296]: 00000000 00000000 00000000 00000000 00000000 00000000 00000000 00000000
[91102557] GA viisp:stock-opening-1 GCMD[1304]: 00000000 00000000 00000000 00000000 00000000 00000000 00000000 00000000
[91102557] GA viisp:stock-opening-1 GCMD[1312]: 00000000 00000000 00000000 00000000 00000000 00000000 00000000 00000000
[91102557] GA viisp:stock-opening-1 GCMD[1320]: 00000000 00000000 00000000 00000000 00000000 00000000 00000000 00000000
[91102557] GA viisp:stock-opening-1 GCMD[1328]: 00000000 00000000 00000000 00000000 00000000 00000000 00000000 00000000
[91102557] GA viisp:stock-opening-1 GCMD[1336]: 00000000 00000000 00000000 00000000 00000000 00000000 00000000 00000000
[91102557] GA viisp:stock-opening-1 GCMD[1344]: 00000000 00000000 00000000 00000000 00000000 00000000 00000000 00000000
[91102557] GA viisp:stock-opening-1 GCMD[1352]: 00000000 00000000 00000000 00000000 00000000 00000000 00000000 00000000
[91102557] GA viisp:stock-opening-1 GCMD[1360]: 00000000 00000000 00000000 00000000 00000000 00000000 00000000 00000000
[91102557] GA viisp:stock-opening-1 GCMD[1368]: 00000000 00000000 00000000 00000000 00000000 00000000 00000000 00000000
[91102557] GA viisp:stock-opening-1 GCMD[1376]: 00000000 00000000 00000000 00000000 00000000 00000000 00000000 00000000
[91102557] GA viisp:stock-opening-1 GCMD[1384]: 00000000 00000000 00000000 00000000 00000000 00000000 00000000 00000000
[91102557] GA viisp:stock-opening-1 GCMD[1392]: 00000000 00000000 00000000 00000000 00000000 00000000 00000000 00000000
[91102557] GA viisp:stock-opening-1 GCMD[1400]: 00000000 00000000 00000000 00000000 00000000 00000000 00000000 00000000
[91102557] GA viisp:stock-opening-1 GCMD[1408]: 00000000 00000000 00000000 00000000 00000000 00000000 00000000 00000000
[91102557] GA viisp:stock-opening-1 GCMD[1416]: 00000000 00000000 00000000 00000000 00000000 00000000 00000000 00000000
[91102557] GA viisp:stock-opening-1 GCMD[1424]: 00000000 00000000 00000000 00000000 00000000 00000000 00000000 00000000
[91102557] GA viisp:stock-opening-1 GCMD[1432]: 00000000 00000000 00000000 00000000 00000000 00000000 00000000 00000000
[91102557] GA viisp:stock-opening-1 GCMD[1440]: 00000000 00000000 00000000 00000000 00000000 00000000 00000000 00000000
[91102557] GA viisp:stock-opening-1 GCMD[1448]: 00000000 00000000 00000000 00000000 00000000 00000000 00000000 00000000
[91102557] GA viisp:stock-opening-1 GCMD[1456]: 00000000 00000000 00000000 00000000 00000000 00000000 00000000 00000000
[91102557] GA viisp:stock-opening-1 GCMD[1464]: 00000000 00000000 00000000 00000000 00000000 00000000 00000000 00000000
[91102557] GA viisp:stock-opening-1 GCMD[1472]: 00000000 00000000 00000000 00000000 00000000 00000000 00000000 00000000
[91102557] GA viisp:stock-opening-1 GCMD[1480]: 00000000 00000000 00000000 00000000 00000000 00000000 00000000 00000000
[91102557] GA viisp:stock-opening-1 GCMD[1488]: 00000000 00000000 00000000 00000000 00000000 00000000 00000000 00000000
[91102557] GA viisp:stock-opening-1 GCMD[1496]: 00000000 00000000 00000000 00000000 00000000 00000000 00000000 00000000
[91102557] GA viisp:stock-opening-1 GCMD[1504]: 00000000 00000000 00000000 00000000 00000000 00000000 00000000 00000000
[91102557] GA viisp:stock-opening-1 GCMD[1512]: 00000000 00000000 00000000 00000000 00000000 00000000 00000000 00000000
[91102557] GA viisp:stock-opening-1 GCMD[1520]: 00000000 00000000 00000000 00000000 00000000 00000000 00000000 00000000
[91102557] GA viisp:stock-opening-1 GCMD[1528]: 00000000 00000000 00000000 00000000 00000000 00000000 00000000 00000000
[91102557] GA viisp:stock-opening-1 GCMD[1536]: 00000000 00000000 00000000 00000000 00000000 16570001 00000000 26580101
[91102557] GA viisp:stock-opening-1 GCMD[1544]: 00000000 00000000 00000000 00000000 00000000 00000000 00000000 00000000
[91102557] GA viisp:stock-opening-1 GCMD[1552]: 00000000 00000000 00000000 00000000 00000000 00000000 00000000 00000000
[91102557] GA viisp:stock-opening-1 GCMD[1560]: 00000000 00000000 00000000 00000000 00000000 00000000 00000000 00000000
[91102557] GA viisp:stock-opening-1 GCMD[1568]: 00000000 00000000 00000000 00000000 00000000 00000000 00000000 00000000
[91102557] GA viisp:stock-opening-1 GCMD[1576]: 00000000 00000000 00000000 00000000 00000000 00000000 00000000 00000000
[91102557] GA viisp:stock-opening-1 GCMD[1584]: 00000000 00000000 00000000 00000000 00000000 00000000 00000000 00000000
[91102557] GA viisp:stock-opening-1 GCMD[1592]: 00000000 00000000 00000000 00000000 00000000 00000000 00000000 00000000
[91102557] GA viisp:stock-opening-1 GCMD[1600]: 00000000 00000000 00000000 00000000 00000000 00000000 00000000 00000000
[91102557] GA viisp:stock-opening-1 GCMD[1608]: 00000000 00000000 00000000 00000000 00000000 00000000 00000000 00000000
[91102557] GA viisp:stock-opening-1 GCMD[1616]: 00000000 00000000 00000000 00000000 00000000 00000000 00000000 00000000
[91102557] GA viisp:stock-opening-1 GCMD[1624]: 00000000 00000000 00000000 00000000 00000000 00000000 00000000 00000000
[91102557] GA viisp:stock-opening-1 GCMD[1632]: 00000000 00000000 00000000 00000000 00000000 00000000 00000000 00000000
[91102557] GA viisp:stock-opening-1 GCMD[1640]: 00000000 00000000 00000000 00000000 00000000 00000000 00000000 00000000
[91102557] GA viisp:stock-opening-1 GCMD[1648]: 00000000 00000000 00000000 00000000 00000000 00000000 00000000 00000000
[91102557] GA viisp:stock-opening-1 GCMD[1656]: 00000000 00000000 00000000 00000000 00000000 00000000 00000000 00000000
[91102557] GA viisp:stock-opening-1 GCMD[1664]: 00000000 00000000 00000000 00000000 00000000 00000000 00000000 00000000
[91102557] GA viisp:stock-opening-1 GCMD[1672]: 00000000 00000000 00000000 00000000 00000000 00000000 00000000 00000000
[91102557] GA viisp:stock-opening-1 GCMD[1680]: 00000000 00000000 00000000 00000000 00000000 00000000 00000000 00000000
[91102557] GA viisp:stock-opening-1 GCMD[1688]: 00000000 00000000 00000000 00000000 00000000 00000000 00000000 00000000
[91102557] GA viisp:stock-opening-1 GCMD[1696]: 00000000 00000000 00000000 00000000 00000000 00000000 00000000 00000000
[91102557] GA viisp:stock-opening-1 GCMD[1704]: 00000000 00000000 00000000 00000000 00000000 00000000 00000000 00000000
[91102557] GA viisp:stock-opening-1 GCMD[1712]: 00000000 00000000 00000000 00000000 00000000 00000000 00000000 00000000
[91102557] GA viisp:stock-opening-1 GCMD[1720]: 00000000 00000000 00000000 00000000 00000000 00000000 00000000 00000000
[91102557] GA viisp:stock-opening-1 GCMD[1728]: 00000000 00000000 00000000 00000000 00000000 00000000 00000000 00000000
[91102557] GA viisp:stock-opening-1 GCMD[1736]: 00000000 00000000 00000000 00000000 00000000 00000000 00000000 00000000
[91102557] GA viisp:stock-opening-1 GCMD[1744]: 00000000 00000000 00000000 00000000 00000000 00000000 00000000 00000000
[91102557] GA viisp:stock-opening-1 GCMD[1752]: 00000000 00000000 00000000 00000000 00000000 00000000 00000000 00000000
[91102557] GA viisp:stock-opening-1 GCMD[1760]: 00000000 00000000 00000000 00000000 00000000 00000000 00000000 00000000
[91102557] GA viisp:stock-opening-1 GCMD[1768]: 00000000 00000000 00000000 00000000 00000000 00000000 00000000 00000000
[91102557] GA viisp:stock-opening-1 GCMD[1776]: 00000000 00000000 00000000 00000000 00000000 00000000 00000000 00000000
[91102557] GA viisp:stock-opening-1 GCMD[1784]: 00000000 00000000 00000000 00000000 00000000 00000000 00000000 00000000
[91102557] GA viisp:stock-opening-1 GCMD[1792]: 00000000 00000000 00000000 00000000 00000000 00000000 00000000 00000000
[91102557] GA viisp:stock-opening-1 GCMD[1800]: 00000000 13000004 00000000 00000000 00000000 00000000 13040004 00000000
[91102557] GA viisp:stock-opening-1 GCMD[1808]: 00000000 00000000 00000000 10530002 00000000 00000000 00000d00 200c0001
[91102557] GA viisp:stock-opening-1 GCMD[1816]: 0000000f 40000026
[91105328] SB viisp:stock-opening-2 words=2
[91105328] GA viisp:stock-opening-2 GCMD[0]: 00000d00 40000026
[91105548] SB viisp:stock-opening-3 words=1818
[91105548] GA viisp:stock-opening-3 GCMD[0]: 00000d00 12020003 00000000 00000000 00000000 12000002 00000000 00000000
[91105548] GA viisp:stock-opening-3 GCMD[8]: 12050004 00000000 00000000 00000000 00000000 17000010 00000000 00000000
[91105548] GA viisp:stock-opening-3 GCMD[16]: 00000000 00000000 00000000 00000000 00000000 00000000 00000000 00000000
[91105548] GA viisp:stock-opening-3 GCMD[24]: 00000000 00000000 00000000 00000000 00000000 00000000 17500010 00000000
[91105548] GA viisp:stock-opening-3 GCMD[32]: 00000000 00000000 00000000 00000000 00000000 00000000 00000000 00000000
[91105548] GA viisp:stock-opening-3 GCMD[40]: 00000000 00000000 00000000 00000000 00000000 00000000 00000000 1d00000a
[91105548] GA viisp:stock-opening-3 GCMD[48]: 00000000 00000000 00000000 00000000 00000000 00000000 00000000 00000000
[91105548] GA viisp:stock-opening-3 GCMD[56]: 00000000 00000000 1d0a0001 00000000 2d0b01e0 00000000 00000000 00000000
[91105548] GA viisp:stock-opening-3 GCMD[64]: 00000000 00000000 00000000 00000000 00000000 00000000 00000000 00000000
[91105548] GA viisp:stock-opening-3 GCMD[72]: 00000000 00000000 00000000 00000000 00000000 00000000 00000000 00000000
[91105548] GA viisp:stock-opening-3 GCMD[80]: 00000000 00000000 00000000 00000000 00000000 00000000 00000000 00000000
[91105548] GA viisp:stock-opening-3 GCMD[88]: 00000000 00000000 00000000 00000000 00000000 00000000 00000000 00000000
[91105548] GA viisp:stock-opening-3 GCMD[96]: 00000000 00000000 00000000 00000000 00000000 00000000 00000000 00000000
[91105548] GA viisp:stock-opening-3 GCMD[104]: 00000000 00000000 00000000 00000000 00000000 00000000 00000000 00000000
[91105548] GA viisp:stock-opening-3 GCMD[112]: 00000000 00000000 00000000 00000000 00000000 00000000 00000000 00000000
[91105548] GA viisp:stock-opening-3 GCMD[120]: 00000000 00000000 00000000 00000000 00000000 00000000 00000000 00000000
[91105548] GA viisp:stock-opening-3 GCMD[128]: 00000000 00000000 00000000 00000000 00000000 00000000 00000000 00000000
[91105548] GA viisp:stock-opening-3 GCMD[136]: 00000000 00000000 00000000 00000000 00000000 00000000 00000000 00000000
[91105548] GA viisp:stock-opening-3 GCMD[144]: 00000000 00000000 00000000 00000000 00000000 00000000 00000000 00000000
[91105548] GA viisp:stock-opening-3 GCMD[152]: 00000000 00000000 00000000 00000000 00000000 00000000 00000000 00000000
[91105548] GA viisp:stock-opening-3 GCMD[160]: 00000000 00000000 00000000 00000000 00000000 00000000 00000000 00000000
[91105548] GA viisp:stock-opening-3 GCMD[168]: 00000000 00000000 00000000 00000000 00000000 00000000 00000000 00000000
[91105548] GA viisp:stock-opening-3 GCMD[176]: 00000000 00000000 00000000 00000000 00000000 00000000 00000000 00000000
[91105548] GA viisp:stock-opening-3 GCMD[184]: 00000000 00000000 00000000 00000000 00000000 00000000 00000000 00000000
[91105548] GA viisp:stock-opening-3 GCMD[192]: 00000000 00000000 00000000 00000000 00000000 00000000 00000000 00000000
[91105548] GA viisp:stock-opening-3 GCMD[200]: 00000000 00000000 00000000 00000000 00000000 00000000 00000000 00000000
[91105548] GA viisp:stock-opening-3 GCMD[208]: 00000000 00000000 00000000 00000000 00000000 00000000 00000000 00000000
[91105548] GA viisp:stock-opening-3 GCMD[216]: 00000000 00000000 00000000 00000000 00000000 00000000 00000000 00000000
[91105548] GA viisp:stock-opening-3 GCMD[224]: 00000000 00000000 00000000 00000000 00000000 00000000 00000000 00000000
[91105548] GA viisp:stock-opening-3 GCMD[232]: 00000000 00000000 00000000 00000000 00000000 00000000 00000000 00000000
[91105548] GA viisp:stock-opening-3 GCMD[240]: 00000000 00000000 00000000 00000000 00000000 00000000 00000000 00000000
[91105548] GA viisp:stock-opening-3 GCMD[248]: 00000000 00000000 00000000 00000000 00000000 00000000 00000000 00000000
[91105548] GA viisp:stock-opening-3 GCMD[256]: 00000000 00000000 00000000 00000000 00000000 00000000 00000000 00000000
[91105548] GA viisp:stock-opening-3 GCMD[264]: 00000000 00000000 00000000 00000000 00000000 00000000 00000000 00000000
[91105548] GA viisp:stock-opening-3 GCMD[272]: 00000000 00000000 00000000 00000000 00000000 00000000 00000000 00000000
[91105548] GA viisp:stock-opening-3 GCMD[280]: 00000000 00000000 00000000 00000000 00000000 00000000 00000000 00000000
[91105548] GA viisp:stock-opening-3 GCMD[288]: 00000000 00000000 00000000 00000000 00000000 00000000 00000000 00000000
[91105548] GA viisp:stock-opening-3 GCMD[296]: 00000000 00000000 00000000 00000000 00000000 00000000 00000000 00000000
[91105548] GA viisp:stock-opening-3 GCMD[304]: 00000000 00000000 00000000 00000000 00000000 00000000 00000000 00000000
[91105548] GA viisp:stock-opening-3 GCMD[312]: 00000000 00000000 00000000 00000000 00000000 00000000 00000000 00000000
[91105548] GA viisp:stock-opening-3 GCMD[320]: 00000000 00000000 00000000 00000000 00000000 00000000 00000000 00000000
[91105548] GA viisp:stock-opening-3 GCMD[328]: 00000000 00000000 00000000 00000000 00000000 00000000 00000000 00000000
[91105548] GA viisp:stock-opening-3 GCMD[336]: 00000000 00000000 00000000 00000000 00000000 00000000 00000000 00000000
[91105548] GA viisp:stock-opening-3 GCMD[344]: 00000000 00000000 00000000 00000000 00000000 00000000 00000000 00000000
[91105548] GA viisp:stock-opening-3 GCMD[352]: 00000000 00000000 00000000 00000000 00000000 00000000 00000000 00000000
[91105548] GA viisp:stock-opening-3 GCMD[360]: 00000000 00000000 00000000 00000000 00000000 00000000 00000000 00000000
[91105548] GA viisp:stock-opening-3 GCMD[368]: 00000000 00000000 00000000 00000000 00000000 00000000 00000000 00000000
[91105548] GA viisp:stock-opening-3 GCMD[376]: 00000000 00000000 00000000 00000000 00000000 00000000 00000000 00000000
[91105548] GA viisp:stock-opening-3 GCMD[384]: 00000000 00000000 00000000 00000000 00000000 00000000 00000000 00000000
[91105548] GA viisp:stock-opening-3 GCMD[392]: 00000000 00000000 00000000 00000000 00000000 00000000 00000000 00000000
[91105548] GA viisp:stock-opening-3 GCMD[400]: 00000000 00000000 00000000 00000000 00000000 00000000 00000000 00000000
[91105548] GA viisp:stock-opening-3 GCMD[408]: 00000000 00000000 00000000 00000000 00000000 00000000 00000000 00000000
[91105548] GA viisp:stock-opening-3 GCMD[416]: 00000000 00000000 00000000 00000000 00000000 00000000 00000000 00000000
[91105548] GA viisp:stock-opening-3 GCMD[424]: 00000000 00000000 00000000 00000000 00000000 00000000 00000000 00000000
[91105548] GA viisp:stock-opening-3 GCMD[432]: 00000000 00000000 00000000 00000000 00000000 00000000 00000000 00000000
[91105548] GA viisp:stock-opening-3 GCMD[440]: 00000000 00000000 00000000 00000000 00000000 00000000 00000000 00000000
[91105548] GA viisp:stock-opening-3 GCMD[448]: 00000000 00000000 00000000 00000000 00000000 00000000 00000000 00000000
[91105548] GA viisp:stock-opening-3 GCMD[456]: 00000000 00000000 00000000 00000000 00000000 00000000 00000000 00000000
[91105548] GA viisp:stock-opening-3 GCMD[464]: 00000000 00000000 00000000 00000000 00000000 00000000 00000000 00000000
[91105548] GA viisp:stock-opening-3 GCMD[472]: 00000000 00000000 00000000 00000000 00000000 00000000 00000000 00000000
[91105548] GA viisp:stock-opening-3 GCMD[480]: 00000000 00000000 00000000 00000000 00000000 00000000 00000000 00000000
[91105548] GA viisp:stock-opening-3 GCMD[488]: 00000000 00000000 00000000 00000000 00000000 00000000 00000000 00000000
[91105548] GA viisp:stock-opening-3 GCMD[496]: 00000000 00000000 00000000 00000000 00000000 00000000 00000000 00000000
[91105548] GA viisp:stock-opening-3 GCMD[504]: 00000000 00000000 00000000 00000000 00000000 00000000 00000000 00000000
[91105548] GA viisp:stock-opening-3 GCMD[512]: 00000000 00000000 00000000 00000000 00000000 00000000 00000000 00000000
[91105548] GA viisp:stock-opening-3 GCMD[520]: 00000000 00000000 00000000 00000000 00000000 00000000 00000000 00000000
[91105548] GA viisp:stock-opening-3 GCMD[528]: 00000000 00000000 00000000 00000000 00000000 00000000 00000000 00000000
[91105548] GA viisp:stock-opening-3 GCMD[536]: 00000000 00000000 00000000 00000000 00000000 1d0c0002 00000000 00000000
[91105548] GA viisp:stock-opening-3 GCMD[544]: 1d200006 00000000 00000000 00000000 00000000 00000000 00000000 19000002
[91105548] GA viisp:stock-opening-3 GCMD[552]: 00000000 00000000 19020001 00000000 29030040 00000000 00000000 00000000
[91105548] GA viisp:stock-opening-3 GCMD[560]: 00000000 00000000 00000000 00000000 00000000 00000000 00000000 00000000
[91105548] GA viisp:stock-opening-3 GCMD[568]: 00000000 00000000 00000000 00000000 00000000 00000000 00000000 00000000
[91105548] GA viisp:stock-opening-3 GCMD[576]: 00000000 00000000 00000000 00000000 00000000 00000000 00000000 00000000
[91105548] GA viisp:stock-opening-3 GCMD[584]: 00000000 00000000 00000000 00000000 00000000 00000000 00000000 00000000
[91105548] GA viisp:stock-opening-3 GCMD[592]: 00000000 00000000 00000000 00000000 00000000 00000000 00000000 00000000
[91105548] GA viisp:stock-opening-3 GCMD[600]: 00000000 00000000 00000000 00000000 00000000 00000000 00000000 00000000
[91105548] GA viisp:stock-opening-3 GCMD[608]: 00000000 00000000 00000000 00000000 00000000 00000000 00000000 00000000
[91105548] GA viisp:stock-opening-3 GCMD[616]: 00000000 00000000 00000000 00000000 00000000 19040002 00000000 00000000
[91105548] GA viisp:stock-opening-3 GCMD[624]: 19060001 00000000 29070024 00000000 00000000 00000000 00000000 00000000
[91105548] GA viisp:stock-opening-3 GCMD[632]: 00000000 00000000 00000000 00000000 00000000 00000000 00000000 00000000
[91105548] GA viisp:stock-opening-3 GCMD[640]: 00000000 00000000 00000000 00000000 00000000 00000000 00000000 00000000
[91105548] GA viisp:stock-opening-3 GCMD[648]: 00000000 00000000 00000000 00000000 00000000 00000000 00000000 00000000
[91105548] GA viisp:stock-opening-3 GCMD[656]: 00000000 00000000 00000000 00000000 00000000 00000000 00000000 19080001
[91105548] GA viisp:stock-opening-3 GCMD[664]: 00000000 1920000a 00000000 00000000 00000000 00000000 00000000 00000000
[91105548] GA viisp:stock-opening-3 GCMD[672]: 00000000 00000000 00000000 00000000 19090007 00000000 00000000 00000000
[91105548] GA viisp:stock-opening-3 GCMD[680]: 00000000 00000000 00000000 00000000 19100009 00000000 00000000 00000000
[91105548] GA viisp:stock-opening-3 GCMD[688]: 00000000 00000000 00000000 00000000 00000000 00000000 19190001 00000000
[91105548] GA viisp:stock-opening-3 GCMD[696]: 291a0009 00000000 00000000 00000000 00000000 00000000 00000000 00000000
[91105548] GA viisp:stock-opening-3 GCMD[704]: 00000000 00000200 191b0001 00000000 291c0009 00000000 00000000 00000000
[91105548] GA viisp:stock-opening-3 GCMD[712]: 00000000 00000000 00000000 00000000 00000000 00000000 191d0001 00000000
[91105548] GA viisp:stock-opening-3 GCMD[720]: 291e0009 00000000 00000000 00000000 00000000 00000000 00000000 00000000
[91105548] GA viisp:stock-opening-3 GCMD[728]: 00000000 00000000 191f0001 00000002 15060009 00000000 00000000 00000000
[91105548] GA viisp:stock-opening-3 GCMD[736]: 00000000 00000000 00000000 00000000 00000000 00000000 16000010 00000000
[91105548] GA viisp:stock-opening-3 GCMD[744]: 00000000 00000000 00000000 00000000 00000000 00000000 00000000 00000000
[91105548] GA viisp:stock-opening-3 GCMD[752]: 00000000 00000000 00000000 00000000 00000000 00000000 00000000 16500001
[91105548] GA viisp:stock-opening-3 GCMD[760]: 00000000 16510001 00000000 26520101 00000000 00000000 00000000 00000000
[91105548] GA viisp:stock-opening-3 GCMD[768]: 00000000 00000000 00000000 00000000 00000000 00000000 00000000 00000000
[91105548] GA viisp:stock-opening-3 GCMD[776]: 00000000 00000000 00000000 00000000 00000000 00000000 00000000 00000000
[91105548] GA viisp:stock-opening-3 GCMD[784]: 00000000 00000000 00000000 00000000 00000000 00000000 00000000 00000000
[91105548] GA viisp:stock-opening-3 GCMD[792]: 00000000 00000000 00000000 00000000 00000000 00000000 00000000 00000000
[91105548] GA viisp:stock-opening-3 GCMD[800]: 00000000 00000000 00000000 00000000 00000000 00000000 00000000 00000000
[91105548] GA viisp:stock-opening-3 GCMD[808]: 00000000 00000000 00000000 00000000 00000000 00000000 00000000 00000000
[91105548] GA viisp:stock-opening-3 GCMD[816]: 00000000 00000000 00000000 00000000 00000000 00000000 00000000 00000000
[91105548] GA viisp:stock-opening-3 GCMD[824]: 00000000 00000000 00000000 00000000 00000000 00000000 00000000 00000000
[91105548] GA viisp:stock-opening-3 GCMD[832]: 00000000 00000000 00000000 00000000 00000000 00000000 00000000 00000000
[91105548] GA viisp:stock-opening-3 GCMD[840]: 00000000 00000000 00000000 00000000 00000000 00000000 00000000 00000000
[91105548] GA viisp:stock-opening-3 GCMD[848]: 00000000 00000000 00000000 00000000 00000000 00000000 00000000 00000000
[91105548] GA viisp:stock-opening-3 GCMD[856]: 00000000 00000000 00000000 00000000 00000000 00000000 00000000 00000000
[91105548] GA viisp:stock-opening-3 GCMD[864]: 00000000 00000000 00000000 00000000 00000000 00000000 00000000 00000000
[91105548] GA viisp:stock-opening-3 GCMD[872]: 00000000 00000000 00000000 00000000 00000000 00000000 00000000 00000000
[91105548] GA viisp:stock-opening-3 GCMD[880]: 00000000 00000000 00000000 00000000 00000000 00000000 00000000 00000000
[91105548] GA viisp:stock-opening-3 GCMD[888]: 00000000 00000000 00000000 00000000 00000000 00000000 00000000 00000000
[91105548] GA viisp:stock-opening-3 GCMD[896]: 00000000 00000000 00000000 00000000 00000000 00000000 00000000 00000000
[91105548] GA viisp:stock-opening-3 GCMD[904]: 00000000 00000000 00000000 00000000 00000000 00000000 00000000 00000000
[91105548] GA viisp:stock-opening-3 GCMD[912]: 00000000 00000000 00000000 00000000 00000000 00000000 00000000 00000000
[91105548] GA viisp:stock-opening-3 GCMD[920]: 00000000 00000000 00000000 00000000 00000000 00000000 00000000 00000000
[91105548] GA viisp:stock-opening-3 GCMD[928]: 00000000 00000000 00000000 00000000 00000000 00000000 00000000 00000000
[91105548] GA viisp:stock-opening-3 GCMD[936]: 00000000 00000000 00000000 00000000 00000000 00000000 00000000 00000000
[91105548] GA viisp:stock-opening-3 GCMD[944]: 00000000 00000000 00000000 00000000 00000000 00000000 00000000 00000000
[91105548] GA viisp:stock-opening-3 GCMD[952]: 00000000 00000000 00000000 00000000 00000000 00000000 00000000 00000000
[91105548] GA viisp:stock-opening-3 GCMD[960]: 00000000 00000000 00000000 00000000 00000000 00000000 00000000 00000000
[91105548] GA viisp:stock-opening-3 GCMD[968]: 00000000 00000000 00000000 00000000 00000000 00000000 00000000 00000000
[91105548] GA viisp:stock-opening-3 GCMD[976]: 00000000 00000000 00000000 00000000 00000000 00000000 00000000 00000000
[91105548] GA viisp:stock-opening-3 GCMD[984]: 00000000 00000000 00000000 00000000 00000000 00000000 00000000 00000000
[91105548] GA viisp:stock-opening-3 GCMD[992]: 00000000 00000000 00000000 00000000 00000000 00000000 00000000 00000000
[91105548] GA viisp:stock-opening-3 GCMD[1000]: 00000000 00000000 00000000 00000000 00000000 00000000 00000000 00000000
[91105548] GA viisp:stock-opening-3 GCMD[1008]: 00000000 00000000 00000000 00000000 00000000 00000000 00000000 00000000
[91105548] GA viisp:stock-opening-3 GCMD[1016]: 00000000 00000000 00000000 00000000 00000000 16530001 00000000 26540101
[91105548] GA viisp:stock-opening-3 GCMD[1024]: 00000000 00000000 00000000 00000000 00000000 00000000 00000000 00000000
[91105548] GA viisp:stock-opening-3 GCMD[1032]: 00000000 00000000 00000000 00000000 00000000 00000000 00000000 00000000
[91105548] GA viisp:stock-opening-3 GCMD[1040]: 00000000 00000000 00000000 00000000 00000000 00000000 00000000 00000000
[91105548] GA viisp:stock-opening-3 GCMD[1048]: 00000000 00000000 00000000 00000000 00000000 00000000 00000000 00000000
[91105548] GA viisp:stock-opening-3 GCMD[1056]: 00000000 00000000 00000000 00000000 00000000 00000000 00000000 00000000
[91105548] GA viisp:stock-opening-3 GCMD[1064]: 00000000 00000000 00000000 00000000 00000000 00000000 00000000 00000000
[91105548] GA viisp:stock-opening-3 GCMD[1072]: 00000000 00000000 00000000 00000000 00000000 00000000 00000000 00000000
[91105548] GA viisp:stock-opening-3 GCMD[1080]: 00000000 00000000 00000000 00000000 00000000 00000000 00000000 00000000
[91105548] GA viisp:stock-opening-3 GCMD[1088]: 00000000 00000000 00000000 00000000 00000000 00000000 00000000 00000000
[91105548] GA viisp:stock-opening-3 GCMD[1096]: 00000000 00000000 00000000 00000000 00000000 00000000 00000000 00000000
[91105548] GA viisp:stock-opening-3 GCMD[1104]: 00000000 00000000 00000000 00000000 00000000 00000000 00000000 00000000
[91105548] GA viisp:stock-opening-3 GCMD[1112]: 00000000 00000000 00000000 00000000 00000000 00000000 00000000 00000000
[91105548] GA viisp:stock-opening-3 GCMD[1120]: 00000000 00000000 00000000 00000000 00000000 00000000 00000000 00000000
[91105548] GA viisp:stock-opening-3 GCMD[1128]: 00000000 00000000 00000000 00000000 00000000 00000000 00000000 00000000
[91105548] GA viisp:stock-opening-3 GCMD[1136]: 00000000 00000000 00000000 00000000 00000000 00000000 00000000 00000000
[91105548] GA viisp:stock-opening-3 GCMD[1144]: 00000000 00000000 00000000 00000000 00000000 00000000 00000000 00000000
[91105548] GA viisp:stock-opening-3 GCMD[1152]: 00000000 00000000 00000000 00000000 00000000 00000000 00000000 00000000
[91105548] GA viisp:stock-opening-3 GCMD[1160]: 00000000 00000000 00000000 00000000 00000000 00000000 00000000 00000000
[91105548] GA viisp:stock-opening-3 GCMD[1168]: 00000000 00000000 00000000 00000000 00000000 00000000 00000000 00000000
[91105548] GA viisp:stock-opening-3 GCMD[1176]: 00000000 00000000 00000000 00000000 00000000 00000000 00000000 00000000
[91105548] GA viisp:stock-opening-3 GCMD[1184]: 00000000 00000000 00000000 00000000 00000000 00000000 00000000 00000000
[91105548] GA viisp:stock-opening-3 GCMD[1192]: 00000000 00000000 00000000 00000000 00000000 00000000 00000000 00000000
[91105548] GA viisp:stock-opening-3 GCMD[1200]: 00000000 00000000 00000000 00000000 00000000 00000000 00000000 00000000
[91105548] GA viisp:stock-opening-3 GCMD[1208]: 00000000 00000000 00000000 00000000 00000000 00000000 00000000 00000000
[91105548] GA viisp:stock-opening-3 GCMD[1216]: 00000000 00000000 00000000 00000000 00000000 00000000 00000000 00000000
[91105548] GA viisp:stock-opening-3 GCMD[1224]: 00000000 00000000 00000000 00000000 00000000 00000000 00000000 00000000
[91105548] GA viisp:stock-opening-3 GCMD[1232]: 00000000 00000000 00000000 00000000 00000000 00000000 00000000 00000000
[91105548] GA viisp:stock-opening-3 GCMD[1240]: 00000000 00000000 00000000 00000000 00000000 00000000 00000000 00000000
[91105548] GA viisp:stock-opening-3 GCMD[1248]: 00000000 00000000 00000000 00000000 00000000 00000000 00000000 00000000
[91105548] GA viisp:stock-opening-3 GCMD[1256]: 00000000 00000000 00000000 00000000 00000000 00000000 00000000 00000000
[91105548] GA viisp:stock-opening-3 GCMD[1264]: 00000000 00000000 00000000 00000000 00000000 00000000 00000000 00000000
[91105548] GA viisp:stock-opening-3 GCMD[1272]: 00000000 00000000 00000000 00000000 00000000 00000000 00000000 00000000
[91105548] GA viisp:stock-opening-3 GCMD[1280]: 00000000 16550001 00000000 26560101 00000000 00000000 00000000 00000000
[91105548] GA viisp:stock-opening-3 GCMD[1288]: 00000000 00000000 00000000 00000000 00000000 00000000 00000000 00000000
[91105548] GA viisp:stock-opening-3 GCMD[1296]: 00000000 00000000 00000000 00000000 00000000 00000000 00000000 00000000
[91105548] GA viisp:stock-opening-3 GCMD[1304]: 00000000 00000000 00000000 00000000 00000000 00000000 00000000 00000000
[91105548] GA viisp:stock-opening-3 GCMD[1312]: 00000000 00000000 00000000 00000000 00000000 00000000 00000000 00000000
[91105548] GA viisp:stock-opening-3 GCMD[1320]: 00000000 00000000 00000000 00000000 00000000 00000000 00000000 00000000
[91105548] GA viisp:stock-opening-3 GCMD[1328]: 00000000 00000000 00000000 00000000 00000000 00000000 00000000 00000000
[91105548] GA viisp:stock-opening-3 GCMD[1336]: 00000000 00000000 00000000 00000000 00000000 00000000 00000000 00000000
[91105548] GA viisp:stock-opening-3 GCMD[1344]: 00000000 00000000 00000000 00000000 00000000 00000000 00000000 00000000
[91105548] GA viisp:stock-opening-3 GCMD[1352]: 00000000 00000000 00000000 00000000 00000000 00000000 00000000 00000000
[91105548] GA viisp:stock-opening-3 GCMD[1360]: 00000000 00000000 00000000 00000000 00000000 00000000 00000000 00000000
[91105548] GA viisp:stock-opening-3 GCMD[1368]: 00000000 00000000 00000000 00000000 00000000 00000000 00000000 00000000
[91105548] GA viisp:stock-opening-3 GCMD[1376]: 00000000 00000000 00000000 00000000 00000000 00000000 00000000 00000000
[91105548] GA viisp:stock-opening-3 GCMD[1384]: 00000000 00000000 00000000 00000000 00000000 00000000 00000000 00000000
[91105548] GA viisp:stock-opening-3 GCMD[1392]: 00000000 00000000 00000000 00000000 00000000 00000000 00000000 00000000
[91105548] GA viisp:stock-opening-3 GCMD[1400]: 00000000 00000000 00000000 00000000 00000000 00000000 00000000 00000000
[91105548] GA viisp:stock-opening-3 GCMD[1408]: 00000000 00000000 00000000 00000000 00000000 00000000 00000000 00000000
[91105548] GA viisp:stock-opening-3 GCMD[1416]: 00000000 00000000 00000000 00000000 00000000 00000000 00000000 00000000
[91105548] GA viisp:stock-opening-3 GCMD[1424]: 00000000 00000000 00000000 00000000 00000000 00000000 00000000 00000000
[91105548] GA viisp:stock-opening-3 GCMD[1432]: 00000000 00000000 00000000 00000000 00000000 00000000 00000000 00000000
[91105548] GA viisp:stock-opening-3 GCMD[1440]: 00000000 00000000 00000000 00000000 00000000 00000000 00000000 00000000
[91105548] GA viisp:stock-opening-3 GCMD[1448]: 00000000 00000000 00000000 00000000 00000000 00000000 00000000 00000000
[91105548] GA viisp:stock-opening-3 GCMD[1456]: 00000000 00000000 00000000 00000000 00000000 00000000 00000000 00000000
[91105548] GA viisp:stock-opening-3 GCMD[1464]: 00000000 00000000 00000000 00000000 00000000 00000000 00000000 00000000
[91105548] GA viisp:stock-opening-3 GCMD[1472]: 00000000 00000000 00000000 00000000 00000000 00000000 00000000 00000000
[91105548] GA viisp:stock-opening-3 GCMD[1480]: 00000000 00000000 00000000 00000000 00000000 00000000 00000000 00000000
[91105548] GA viisp:stock-opening-3 GCMD[1488]: 00000000 00000000 00000000 00000000 00000000 00000000 00000000 00000000
[91105548] GA viisp:stock-opening-3 GCMD[1496]: 00000000 00000000 00000000 00000000 00000000 00000000 00000000 00000000
[91105548] GA viisp:stock-opening-3 GCMD[1504]: 00000000 00000000 00000000 00000000 00000000 00000000 00000000 00000000
[91105548] GA viisp:stock-opening-3 GCMD[1512]: 00000000 00000000 00000000 00000000 00000000 00000000 00000000 00000000
[91105548] GA viisp:stock-opening-3 GCMD[1520]: 00000000 00000000 00000000 00000000 00000000 00000000 00000000 00000000
[91105548] GA viisp:stock-opening-3 GCMD[1528]: 00000000 00000000 00000000 00000000 00000000 00000000 00000000 00000000
[91105548] GA viisp:stock-opening-3 GCMD[1536]: 00000000 00000000 00000000 00000000 00000000 16570001 00000000 26580101
[91105548] GA viisp:stock-opening-3 GCMD[1544]: 00000000 00000000 00000000 00000000 00000000 00000000 00000000 00000000
[91105548] GA viisp:stock-opening-3 GCMD[1552]: 00000000 00000000 00000000 00000000 00000000 00000000 00000000 00000000
[91105548] GA viisp:stock-opening-3 GCMD[1560]: 00000000 00000000 00000000 00000000 00000000 00000000 00000000 00000000
[91105548] GA viisp:stock-opening-3 GCMD[1568]: 00000000 00000000 00000000 00000000 00000000 00000000 00000000 00000000
[91105548] GA viisp:stock-opening-3 GCMD[1576]: 00000000 00000000 00000000 00000000 00000000 00000000 00000000 00000000
[91105548] GA viisp:stock-opening-3 GCMD[1584]: 00000000 00000000 00000000 00000000 00000000 00000000 00000000 00000000
[91105548] GA viisp:stock-opening-3 GCMD[1592]: 00000000 00000000 00000000 00000000 00000000 00000000 00000000 00000000
[91105548] GA viisp:stock-opening-3 GCMD[1600]: 00000000 00000000 00000000 00000000 00000000 00000000 00000000 00000000
[91105548] GA viisp:stock-opening-3 GCMD[1608]: 00000000 00000000 00000000 00000000 00000000 00000000 00000000 00000000
[91105548] GA viisp:stock-opening-3 GCMD[1616]: 00000000 00000000 00000000 00000000 00000000 00000000 00000000 00000000
[91105548] GA viisp:stock-opening-3 GCMD[1624]: 00000000 00000000 00000000 00000000 00000000 00000000 00000000 00000000
[91105548] GA viisp:stock-opening-3 GCMD[1632]: 00000000 00000000 00000000 00000000 00000000 00000000 00000000 00000000
[91105548] GA viisp:stock-opening-3 GCMD[1640]: 00000000 00000000 00000000 00000000 00000000 00000000 00000000 00000000
[91105548] GA viisp:stock-opening-3 GCMD[1648]: 00000000 00000000 00000000 00000000 00000000 00000000 00000000 00000000
[91105548] GA viisp:stock-opening-3 GCMD[1656]: 00000000 00000000 00000000 00000000 00000000 00000000 00000000 00000000
[91105548] GA viisp:stock-opening-3 GCMD[1664]: 00000000 00000000 00000000 00000000 00000000 00000000 00000000 00000000
[91105548] GA viisp:stock-opening-3 GCMD[1672]: 00000000 00000000 00000000 00000000 00000000 00000000 00000000 00000000
[91105548] GA viisp:stock-opening-3 GCMD[1680]: 00000000 00000000 00000000 00000000 00000000 00000000 00000000 00000000
[91105548] GA viisp:stock-opening-3 GCMD[1688]: 00000000 00000000 00000000 00000000 00000000 00000000 00000000 00000000
[91105548] GA viisp:stock-opening-3 GCMD[1696]: 00000000 00000000 00000000 00000000 00000000 00000000 00000000 00000000
[91105548] GA viisp:stock-opening-3 GCMD[1704]: 00000000 00000000 00000000 00000000 00000000 00000000 00000000 00000000
[91105548] GA viisp:stock-opening-3 GCMD[1712]: 00000000 00000000 00000000 00000000 00000000 00000000 00000000 00000000
[91105548] GA viisp:stock-opening-3 GCMD[1720]: 00000000 00000000 00000000 00000000 00000000 00000000 00000000 00000000
[91105548] GA viisp:stock-opening-3 GCMD[1728]: 00000000 00000000 00000000 00000000 00000000 00000000 00000000 00000000
[91105548] GA viisp:stock-opening-3 GCMD[1736]: 00000000 00000000 00000000 00000000 00000000 00000000 00000000 00000000
[91105548] GA viisp:stock-opening-3 GCMD[1744]: 00000000 00000000 00000000 00000000 00000000 00000000 00000000 00000000
[91105548] GA viisp:stock-opening-3 GCMD[1752]: 00000000 00000000 00000000 00000000 00000000 00000000 00000000 00000000
[91105548] GA viisp:stock-opening-3 GCMD[1760]: 00000000 00000000 00000000 00000000 00000000 00000000 00000000 00000000
[91105548] GA viisp:stock-opening-3 GCMD[1768]: 00000000 00000000 00000000 00000000 00000000 00000000 00000000 00000000
[91105548] GA viisp:stock-opening-3 GCMD[1776]: 00000000 00000000 00000000 00000000 00000000 00000000 00000000 00000000
[91105548] GA viisp:stock-opening-3 GCMD[1784]: 00000000 00000000 00000000 00000000 00000000 00000000 00000000 00000000
[91105548] GA viisp:stock-opening-3 GCMD[1792]: 00000000 00000000 00000000 00000000 00000000 00000000 00000000 00000000
[91105548] GA viisp:stock-opening-3 GCMD[1800]: 00000000 13000004 00000000 00000000 00000000 00000000 13040004 00000000
[91105548] GA viisp:stock-opening-3 GCMD[1808]: 00000000 00000000 00000000 10530002 00000000 00000000 00000d00 200c0001
[91105548] GA viisp:stock-opening-3 GCMD[1816]: 0000000f 40000026
[91108287] SB viisp:stock-opening-4 words=1239
[91108287] GA viisp:stock-opening-4 GCMD[0]: 00000d00 1400000c 00000001 004b0000 00930000 00220000 2ff01000 2ff01000
[91108287] GA viisp:stock-opening-4 GCMD[8]: 2ff01000 2ff01000 00030000 00000000 00020000 00000000 00000d00 18000003
[91108287] GA viisp:stock-opening-4 GCMD[16]: 81200000 00000000 00000000 00000d00 18200003 81200000 00000000 00000000
[91108287] GA viisp:stock-opening-4 GCMD[24]: 00000d00 19300012 0000001c 88888888 78787800 00000078 88888888 78787800
[91108287] GA viisp:stock-opening-4 GCMD[32]: 00000078 88888888 78787800 00000078 88888888 78787800 00000078 3fc00000
[91108287] GA viisp:stock-opening-4 GCMD[40]: 00000000 00070000 00000000 00070000 00000d00 1c000003 00000101 00000000
[91108287] GA viisp:stock-opening-4 GCMD[48]: 00100000 00000d00 12020003 00000001 00780078 00780078 12000002 00000001
[91108287] GA viisp:stock-opening-4 GCMD[56]: 00000000 12050004 00000000 000600c8 000f000f 00000000 17000010 00000001
[91108287] GA viisp:stock-opening-4 GCMD[64]: 00000000 00000000 00000000 00000000 00001a40 00000000 10000000 00000000
[91108287] GA viisp:stock-opening-4 GCMD[72]: 00000000 00001000 00001a00 30001000 30001000 30001000 30001000 17500010
[91108287] GA viisp:stock-opening-4 GCMD[80]: 00000003 00000000 00000000 00000000 00000000 00000000 00000000 00000000
[91108287] GA viisp:stock-opening-4 GCMD[88]: 00000000 00000000 00000000 00000000 30001000 30001000 30001000 30001000
[91108287] GA viisp:stock-opening-4 GCMD[96]: 1d200006 00001101 00000000 00210000 00210000 00210000 00210000 19000002
[91108287] GA viisp:stock-opening-4 GCMD[104]: 00000001 00000001 19040002 00005555 00000001 19080001 00005555 1920000a
[91108287] GA viisp:stock-opening-4 GCMD[112]: 00000002 10001660 00000000 1000f4a0 0000fa80 10000000 00001c50 30001000
[91108287] GA viisp:stock-opening-4 GCMD[120]: 30001000 30001000 19090007 00000001 fc000f00 f680f320 0d80fde0 00000030
[91108287] GA viisp:stock-opening-4 GCMD[128]: 1400002a 3c00002b 19100009 00000003 00000028 01480029 0003030b 00990030
[91108287] GA viisp:stock-opening-4 GCMD[136]: 00000800 007b0666 00000036 00001f1f 191b0001 00000000 291c0009 00000000
[91108287] GA viisp:stock-opening-4 GCMD[144]: 00000000 00000000 00000000 00000001 00000025 00000000 00000026 00000361
[91108287] GA viisp:stock-opening-4 GCMD[152]: 191d0001 00000000 291e0009 00000000 00000000 00000000 00000000 00000000
[91108287] GA viisp:stock-opening-4 GCMD[160]: 00000780 00000000 00000780 00000200 191f0001 00000032 15060009 3f3fcff3
[91108287] GA viisp:stock-opening-4 GCMD[168]: 00000000 04c1304c 08220882 00000000 03d0f43d 08621886 01204812 06e1b86e
[91108287] GA viisp:stock-opening-4 GCMD[176]: 16000010 00000005 00000000 00000000 00000000 00000000 00000000 00000000
[91108287] GA viisp:stock-opening-4 GCMD[184]: 00000000 00000000 00000000 00000000 00000000 3fff0000 3fff0000 3fff0000
[91108287] GA viisp:stock-opening-4 GCMD[192]: 10001000 16500001 00000003 16510001 00000000 26520101 00001000 00001000
[91108287] GA viisp:stock-opening-4 GCMD[200]: 00001000 00001000 00001000 00001000 00001000 00001000 00001000 00001000
[91108287] GA viisp:stock-opening-4 GCMD[208]: 00001000 00001000 00001000 00001000 00001000 00001000 00001000 00001000
[91108287] GA viisp:stock-opening-4 GCMD[216]: 00001000 00001000 00001000 00001000 00001000 00001000 00001000 00001000
[91108287] GA viisp:stock-opening-4 GCMD[224]: 00001000 00001000 00001000 00001000 00001000 00001000 00001000 00001000
[91108287] GA viisp:stock-opening-4 GCMD[232]: 00001000 00001000 00001000 00001000 00001000 00001000 00001000 00001000
[91108287] GA viisp:stock-opening-4 GCMD[240]: 00001000 00001000 00001000 00001000 00001000 00001000 00001000 00001000
[91108287] GA viisp:stock-opening-4 GCMD[248]: 00001000 00001000 00001000 00001000 00001000 00001000 00001000 00001000
[91108287] GA viisp:stock-opening-4 GCMD[256]: 00001000 00001000 00001000 00001000 00001000 00001000 00001000 00001386
[91108287] GA viisp:stock-opening-4 GCMD[264]: 000014d5 000015cf 0000169f 00001754 000017f6 0000188a 00001913 00001992
[91108287] GA viisp:stock-opening-4 GCMD[272]: 00001a0b 00001a7c 00001ae9 00001b50 00001bb4 00001c13 00001c6f 00001cc8
[91108287] GA viisp:stock-opening-4 GCMD[280]: 00001d1e 00001d72 00001dc3 00001e12 00001e5f 00001eaa 00001ef3 00001f3b
[91108287] GA viisp:stock-opening-4 GCMD[288]: 00001f81 00001fc6 00002009 0000204b 0000208c 000020cb 0000210a 00002147
[91108287] GA viisp:stock-opening-4 GCMD[296]: 00002184 000021bf 000021fa 00002234 0000226c 000022a4 000022dc 00002312
[91108287] GA viisp:stock-opening-4 GCMD[304]: 00002348 0000237d 000023b1 000023e5 00002418 0000244b 0000247d 000024ae
[91108287] GA viisp:stock-opening-4 GCMD[312]: 000024df 0000250f 0000253f 0000256e 0000259d 000025cc 000025fa 00002627
[91108287] GA viisp:stock-opening-4 GCMD[320]: 00002654 00002681 000026ad 000026d9 00002704 0000272f 0000275a 00002784
[91108287] GA viisp:stock-opening-4 GCMD[328]: 000027ae 000027d7 00002801 0000282a 00002852 0000287a 000028a2 000028ca
[91108287] GA viisp:stock-opening-4 GCMD[336]: 000028f1 00002918 0000293f 00002966 0000298c 000029b2 000029d8 000029fd
[91108287] GA viisp:stock-opening-4 GCMD[344]: 00002a22 00002a47 00002a6c 00002a91 00002ab5 00002ad9 00002afd 00002b20
[91108287] GA viisp:stock-opening-4 GCMD[352]: 00002b44 00002b67 00002b8a 00002bac 00002bcf 00002bf1 00002c13 00002c35
[91108287] GA viisp:stock-opening-4 GCMD[360]: 00002c57 00002c79 00002c9a 00002cbb 00002cdc 00002cfd 00002d1e 00002d3e
[91108287] GA viisp:stock-opening-4 GCMD[368]: 00002d5f 00002d7f 00002d9f 00002dbf 00002dde 00002dfe 00002e1d 00002e3c
[91108287] GA viisp:stock-opening-4 GCMD[376]: 00002e5b 00002e7a 00002e99 00002eb8 00002ed6 00002ef5 00002f13 00002f31
[91108287] GA viisp:stock-opening-4 GCMD[384]: 00002f4f 00002f6d 00002f8a 00002fa8 00002fc5 00002fe2 00003000 00003000
[91108287] GA viisp:stock-opening-4 GCMD[392]: 00003000 00003000 00003000 00003000 00003000 00003000 00003000 00003000
[91108287] GA viisp:stock-opening-4 GCMD[400]: 00003000 00003000 00003000 00003000 00003000 00003000 00003000 00003000
[91108287] GA viisp:stock-opening-4 GCMD[408]: 00003000 00003000 00003000 00003000 00003000 00003000 00003000 00003000
[91108287] GA viisp:stock-opening-4 GCMD[416]: 00003000 00003000 00003000 00003000 00003000 00003000 00003000 00003000
[91108287] GA viisp:stock-opening-4 GCMD[424]: 00003000 00003000 00003000 00003000 00003000 00003000 00003000 00003000
[91108287] GA viisp:stock-opening-4 GCMD[432]: 00003000 00003000 00003000 00003000 00003000 00003000 00003000 00003000
[91108287] GA viisp:stock-opening-4 GCMD[440]: 00003000 00003000 00003000 00003000 00003000 00003000 00003000 00003000
[91108287] GA viisp:stock-opening-4 GCMD[448]: 00003000 00003000 00003000 00003000 00003000 00003000 00003000 16530001
[91108287] GA viisp:stock-opening-4 GCMD[456]: 00000000 26540101 00001000 00001000 00001000 00001000 00001000 00001000
[91108287] GA viisp:stock-opening-4 GCMD[464]: 00001000 00001000 00001000 00001000 00001000 00001000 00001000 00001000
[91108287] GA viisp:stock-opening-4 GCMD[472]: 00001000 00001000 00001000 00001000 00001000 00001000 00001000 00001000
[91108287] GA viisp:stock-opening-4 GCMD[480]: 00001000 00001000 00001000 00001000 00001000 00001000 00001000 00001000
[91108287] GA viisp:stock-opening-4 GCMD[488]: 00001000 00001000 00001000 00001000 00001000 00001000 00001000 00001000
[91108287] GA viisp:stock-opening-4 GCMD[496]: 00001000 00001000 00001000 00001000 00001000 00001000 00001000 00001000
[91108287] GA viisp:stock-opening-4 GCMD[504]: 00001000 00001000 00001000 00001000 00001000 00001000 00001000 00001000
[91108287] GA viisp:stock-opening-4 GCMD[512]: 00001000 00001000 00001000 00001000 00001000 00001000 00001000 00001000
[91108287] GA viisp:stock-opening-4 GCMD[520]: 00001000 00001000 00001000 00001386 000014d5 000015cf 0000169f 00001754
[91108287] GA viisp:stock-opening-4 GCMD[528]: 000017f6 0000188a 00001913 00001992 00001a0b 00001a7c 00001ae9 00001b50
[91108287] GA viisp:stock-opening-4 GCMD[536]: 00001bb4 00001c13 00001c6f 00001cc8 00001d1e 00001d72 00001dc3 00001e12
[91108287] GA viisp:stock-opening-4 GCMD[544]: 00001e5f 00001eaa 00001ef3 00001f3b 00001f81 00001fc6 00002009 0000204b
[91108287] GA viisp:stock-opening-4 GCMD[552]: 0000208c 000020cb 0000210a 00002147 00002184 000021bf 000021fa 00002234
[91108287] GA viisp:stock-opening-4 GCMD[560]: 0000226c 000022a4 000022dc 00002312 00002348 0000237d 000023b1 000023e5
[91108287] GA viisp:stock-opening-4 GCMD[568]: 00002418 0000244b 0000247d 000024ae 000024df 0000250f 0000253f 0000256e
[91108287] GA viisp:stock-opening-4 GCMD[576]: 0000259d 000025cc 000025fa 00002627 00002654 00002681 000026ad 000026d9
[91108287] GA viisp:stock-opening-4 GCMD[584]: 00002704 0000272f 0000275a 00002784 000027ae 000027d7 00002801 0000282a
[91108287] GA viisp:stock-opening-4 GCMD[592]: 00002852 0000287a 000028a2 000028ca 000028f1 00002918 0000293f 00002966
[91108287] GA viisp:stock-opening-4 GCMD[600]: 0000298c 000029b2 000029d8 000029fd 00002a22 00002a47 00002a6c 00002a91
[91108287] GA viisp:stock-opening-4 GCMD[608]: 00002ab5 00002ad9 00002afd 00002b20 00002b44 00002b67 00002b8a 00002bac
[91108287] GA viisp:stock-opening-4 GCMD[616]: 00002bcf 00002bf1 00002c13 00002c35 00002c57 00002c79 00002c9a 00002cbb
[91108287] GA viisp:stock-opening-4 GCMD[624]: 00002cdc 00002cfd 00002d1e 00002d3e 00002d5f 00002d7f 00002d9f 00002dbf
[91108287] GA viisp:stock-opening-4 GCMD[632]: 00002dde 00002dfe 00002e1d 00002e3c 00002e5b 00002e7a 00002e99 00002eb8
[91108287] GA viisp:stock-opening-4 GCMD[640]: 00002ed6 00002ef5 00002f13 00002f31 00002f4f 00002f6d 00002f8a 00002fa8
[91108287] GA viisp:stock-opening-4 GCMD[648]: 00002fc5 00002fe2 00003000 00003000 00003000 00003000 00003000 00003000
[91108287] GA viisp:stock-opening-4 GCMD[656]: 00003000 00003000 00003000 00003000 00003000 00003000 00003000 00003000
[91108287] GA viisp:stock-opening-4 GCMD[664]: 00003000 00003000 00003000 00003000 00003000 00003000 00003000 00003000
[91108287] GA viisp:stock-opening-4 GCMD[672]: 00003000 00003000 00003000 00003000 00003000 00003000 00003000 00003000
[91108287] GA viisp:stock-opening-4 GCMD[680]: 00003000 00003000 00003000 00003000 00003000 00003000 00003000 00003000
[91108287] GA viisp:stock-opening-4 GCMD[688]: 00003000 00003000 00003000 00003000 00003000 00003000 00003000 00003000
[91108287] GA viisp:stock-opening-4 GCMD[696]: 00003000 00003000 00003000 00003000 00003000 00003000 00003000 00003000
[91108287] GA viisp:stock-opening-4 GCMD[704]: 00003000 00003000 00003000 00003000 00003000 00003000 00003000 00003000
[91108287] GA viisp:stock-opening-4 GCMD[712]: 00003000 00003000 00003000 16550001 00000000 26560101 00001000 00001000
[91108287] GA viisp:stock-opening-4 GCMD[720]: 00001000 00001000 00001000 00001000 00001000 00001000 00001000 00001000
[91108287] GA viisp:stock-opening-4 GCMD[728]: 00001000 00001000 00001000 00001000 00001000 00001000 00001000 00001000
[91108287] GA viisp:stock-opening-4 GCMD[736]: 00001000 00001000 00001000 00001000 00001000 00001000 00001000 00001000
[91108287] GA viisp:stock-opening-4 GCMD[744]: 00001000 00001000 00001000 00001000 00001000 00001000 00001000 00001000
[91108287] GA viisp:stock-opening-4 GCMD[752]: 00001000 00001000 00001000 00001000 00001000 00001000 00001000 00001000
[91108287] GA viisp:stock-opening-4 GCMD[760]: 00001000 00001000 00001000 00001000 00001000 00001000 00001000 00001000
[91108287] GA viisp:stock-opening-4 GCMD[768]: 00001000 00001000 00001000 00001000 00001000 00001000 00001000 00001000
[91108287] GA viisp:stock-opening-4 GCMD[776]: 00001000 00001000 00001000 00001000 00001000 00001000 00001000 00001386
[91108287] GA viisp:stock-opening-4 GCMD[784]: 000014d5 000015cf 0000169f 00001754 000017f6 0000188a 00001913 00001992
[91108287] GA viisp:stock-opening-4 GCMD[792]: 00001a0b 00001a7c 00001ae9 00001b50 00001bb4 00001c13 00001c6f 00001cc8
[91108287] GA viisp:stock-opening-4 GCMD[800]: 00001d1e 00001d72 00001dc3 00001e12 00001e5f 00001eaa 00001ef3 00001f3b
[91108287] GA viisp:stock-opening-4 GCMD[808]: 00001f81 00001fc6 00002009 0000204b 0000208c 000020cb 0000210a 00002147
[91108287] GA viisp:stock-opening-4 GCMD[816]: 00002184 000021bf 000021fa 00002234 0000226c 000022a4 000022dc 00002312
[91108287] GA viisp:stock-opening-4 GCMD[824]: 00002348 0000237d 000023b1 000023e5 00002418 0000244b 0000247d 000024ae
[91108287] GA viisp:stock-opening-4 GCMD[832]: 000024df 0000250f 0000253f 0000256e 0000259d 000025cc 000025fa 00002627
[91108287] GA viisp:stock-opening-4 GCMD[840]: 00002654 00002681 000026ad 000026d9 00002704 0000272f 0000275a 00002784
[91108287] GA viisp:stock-opening-4 GCMD[848]: 000027ae 000027d7 00002801 0000282a 00002852 0000287a 000028a2 000028ca
[91108287] GA viisp:stock-opening-4 GCMD[856]: 000028f1 00002918 0000293f 00002966 0000298c 000029b2 000029d8 000029fd
[91108287] GA viisp:stock-opening-4 GCMD[864]: 00002a22 00002a47 00002a6c 00002a91 00002ab5 00002ad9 00002afd 00002b20
[91108287] GA viisp:stock-opening-4 GCMD[872]: 00002b44 00002b67 00002b8a 00002bac 00002bcf 00002bf1 00002c13 00002c35
[91108287] GA viisp:stock-opening-4 GCMD[880]: 00002c57 00002c79 00002c9a 00002cbb 00002cdc 00002cfd 00002d1e 00002d3e
[91108287] GA viisp:stock-opening-4 GCMD[888]: 00002d5f 00002d7f 00002d9f 00002dbf 00002dde 00002dfe 00002e1d 00002e3c
[91108287] GA viisp:stock-opening-4 GCMD[896]: 00002e5b 00002e7a 00002e99 00002eb8 00002ed6 00002ef5 00002f13 00002f31
[91108287] GA viisp:stock-opening-4 GCMD[904]: 00002f4f 00002f6d 00002f8a 00002fa8 00002fc5 00002fe2 00003000 00003000
[91108287] GA viisp:stock-opening-4 GCMD[912]: 00003000 00003000 00003000 00003000 00003000 00003000 00003000 00003000
[91108287] GA viisp:stock-opening-4 GCMD[920]: 00003000 00003000 00003000 00003000 00003000 00003000 00003000 00003000
[91108287] GA viisp:stock-opening-4 GCMD[928]: 00003000 00003000 00003000 00003000 00003000 00003000 00003000 00003000
[91108287] GA viisp:stock-opening-4 GCMD[936]: 00003000 00003000 00003000 00003000 00003000 00003000 00003000 00003000
[91108287] GA viisp:stock-opening-4 GCMD[944]: 00003000 00003000 00003000 00003000 00003000 00003000 00003000 00003000
[91108287] GA viisp:stock-opening-4 GCMD[952]: 00003000 00003000 00003000 00003000 00003000 00003000 00003000 00003000
[91108287] GA viisp:stock-opening-4 GCMD[960]: 00003000 00003000 00003000 00003000 00003000 00003000 00003000 00003000
[91108287] GA viisp:stock-opening-4 GCMD[968]: 00003000 00003000 00003000 00003000 00003000 00003000 00003000 16570001
[91108287] GA viisp:stock-opening-4 GCMD[976]: 00000000 26580101 00001000 00001000 00001000 00001000 00001000 00001000
[91108287] GA viisp:stock-opening-4 GCMD[984]: 00001000 00001000 00001000 00001000 00001000 00001000 00001000 00001000
[91108287] GA viisp:stock-opening-4 GCMD[992]: 00001000 00001000 00001000 00001000 00001000 00001000 00001000 00001000
[91108287] GA viisp:stock-opening-4 GCMD[1000]: 00001000 00001000 00001000 00001000 00001000 00001000 00001000 00001000
[91108287] GA viisp:stock-opening-4 GCMD[1008]: 00001000 00001000 00001000 00001000 00001000 00001000 00001000 00001000
[91108287] GA viisp:stock-opening-4 GCMD[1016]: 00001000 00001000 00001000 00001000 00001000 00001000 00001000 00001000
[91108287] GA viisp:stock-opening-4 GCMD[1024]: 00001000 00001000 00001000 00001000 00001000 00001000 00001000 00001000
[91108287] GA viisp:stock-opening-4 GCMD[1032]: 00001000 00001000 00001000 00001000 00001000 00001000 00001000 00001000
[91108287] GA viisp:stock-opening-4 GCMD[1040]: 00001000 00001000 00001000 00001386 000014d5 000015cf 0000169f 00001754
[91108287] GA viisp:stock-opening-4 GCMD[1048]: 000017f6 0000188a 00001913 00001992 00001a0b 00001a7c 00001ae9 00001b50
[91108287] GA viisp:stock-opening-4 GCMD[1056]: 00001bb4 00001c13 00001c6f 00001cc8 00001d1e 00001d72 00001dc3 00001e12
[91108287] GA viisp:stock-opening-4 GCMD[1064]: 00001e5f 00001eaa 00001ef3 00001f3b 00001f81 00001fc6 00002009 0000204b
[91108287] GA viisp:stock-opening-4 GCMD[1072]: 0000208c 000020cb 0000210a 00002147 00002184 000021bf 000021fa 00002234
[91108287] GA viisp:stock-opening-4 GCMD[1080]: 0000226c 000022a4 000022dc 00002312 00002348 0000237d 000023b1 000023e5
[91108287] GA viisp:stock-opening-4 GCMD[1088]: 00002418 0000244b 0000247d 000024ae 000024df 0000250f 0000253f 0000256e
[91108287] GA viisp:stock-opening-4 GCMD[1096]: 0000259d 000025cc 000025fa 00002627 00002654 00002681 000026ad 000026d9
[91108287] GA viisp:stock-opening-4 GCMD[1104]: 00002704 0000272f 0000275a 00002784 000027ae 000027d7 00002801 0000282a
[91108287] GA viisp:stock-opening-4 GCMD[1112]: 00002852 0000287a 000028a2 000028ca 000028f1 00002918 0000293f 00002966
[91108287] GA viisp:stock-opening-4 GCMD[1120]: 0000298c 000029b2 000029d8 000029fd 00002a22 00002a47 00002a6c 00002a91
[91108287] GA viisp:stock-opening-4 GCMD[1128]: 00002ab5 00002ad9 00002afd 00002b20 00002b44 00002b67 00002b8a 00002bac
[91108287] GA viisp:stock-opening-4 GCMD[1136]: 00002bcf 00002bf1 00002c13 00002c35 00002c57 00002c79 00002c9a 00002cbb
[91108287] GA viisp:stock-opening-4 GCMD[1144]: 00002cdc 00002cfd 00002d1e 00002d3e 00002d5f 00002d7f 00002d9f 00002dbf
[91108287] GA viisp:stock-opening-4 GCMD[1152]: 00002dde 00002dfe 00002e1d 00002e3c 00002e5b 00002e7a 00002e99 00002eb8
[91108287] GA viisp:stock-opening-4 GCMD[1160]: 00002ed6 00002ef5 00002f13 00002f31 00002f4f 00002f6d 00002f8a 00002fa8
[91108287] GA viisp:stock-opening-4 GCMD[1168]: 00002fc5 00002fe2 00003000 00003000 00003000 00003000 00003000 00003000
[91108287] GA viisp:stock-opening-4 GCMD[1176]: 00003000 00003000 00003000 00003000 00003000 00003000 00003000 00003000
[91108287] GA viisp:stock-opening-4 GCMD[1184]: 00003000 00003000 00003000 00003000 00003000 00003000 00003000 00003000
[91108287] GA viisp:stock-opening-4 GCMD[1192]: 00003000 00003000 00003000 00003000 00003000 00003000 00003000 00003000
[91108287] GA viisp:stock-opening-4 GCMD[1200]: 00003000 00003000 00003000 00003000 00003000 00003000 00003000 00003000
[91108287] GA viisp:stock-opening-4 GCMD[1208]: 00003000 00003000 00003000 00003000 00003000 00003000 00003000 00003000
[91108287] GA viisp:stock-opening-4 GCMD[1216]: 00003000 00003000 00003000 00003000 00003000 00003000 00003000 00003000
[91108287] GA viisp:stock-opening-4 GCMD[1224]: 00003000 00003000 00003000 00003000 00003000 00003000 00003000 00003000
[91108287] GA viisp:stock-opening-4 GCMD[1232]: 00003000 00003000 00003000 10530002 00000001 00000000 40000026
[91110654] SB viisp:stock-opening-5 words=3655
[91110654] GA viisp:stock-opening-5 GCMD[0]: 00000d00 12020003 00000000 00000000 00000000 12000002 00000000 00000000
[91110654] GA viisp:stock-opening-5 GCMD[8]: 12050004 00000000 00000000 00000000 00000000 17000010 00000000 00000000
[91110654] GA viisp:stock-opening-5 GCMD[16]: 00000000 00000000 00000000 00000000 00000000 00000000 00000000 00000000
[91110654] GA viisp:stock-opening-5 GCMD[24]: 00000000 00000000 00000000 00000000 00000000 00000000 17500010 00000000
[91110654] GA viisp:stock-opening-5 GCMD[32]: 00000000 00000000 00000000 00000000 00000000 00000000 00000000 00000000
[91110654] GA viisp:stock-opening-5 GCMD[40]: 00000000 00000000 00000000 00000000 00000000 00000000 00000000 1d00000a
[91110654] GA viisp:stock-opening-5 GCMD[48]: 00000000 00000000 00000000 00000000 00000000 00000000 00000000 00000000
[91110654] GA viisp:stock-opening-5 GCMD[56]: 00000000 00000000 1d0a0001 00000000 2d0b01e0 00000000 00000000 00000000
[91110654] GA viisp:stock-opening-5 GCMD[64]: 00000000 00000000 00000000 00000000 00000000 00000000 00000000 00000000
[91110654] GA viisp:stock-opening-5 GCMD[72]: 00000000 00000000 00000000 00000000 00000000 00000000 00000000 00000000
[91110654] GA viisp:stock-opening-5 GCMD[80]: 00000000 00000000 00000000 00000000 00000000 00000000 00000000 00000000
[91110654] GA viisp:stock-opening-5 GCMD[88]: 00000000 00000000 00000000 00000000 00000000 00000000 00000000 00000000
[91110654] GA viisp:stock-opening-5 GCMD[96]: 00000000 00000000 00000000 00000000 00000000 00000000 00000000 00000000
[91110654] GA viisp:stock-opening-5 GCMD[104]: 00000000 00000000 00000000 00000000 00000000 00000000 00000000 00000000
[91110654] GA viisp:stock-opening-5 GCMD[112]: 00000000 00000000 00000000 00000000 00000000 00000000 00000000 00000000
[91110654] GA viisp:stock-opening-5 GCMD[120]: 00000000 00000000 00000000 00000000 00000000 00000000 00000000 00000000
[91110654] GA viisp:stock-opening-5 GCMD[128]: 00000000 00000000 00000000 00000000 00000000 00000000 00000000 00000000
[91110654] GA viisp:stock-opening-5 GCMD[136]: 00000000 00000000 00000000 00000000 00000000 00000000 00000000 00000000
[91110654] GA viisp:stock-opening-5 GCMD[144]: 00000000 00000000 00000000 00000000 00000000 00000000 00000000 00000000
[91110654] GA viisp:stock-opening-5 GCMD[152]: 00000000 00000000 00000000 00000000 00000000 00000000 00000000 00000000
[91110654] GA viisp:stock-opening-5 GCMD[160]: 00000000 00000000 00000000 00000000 00000000 00000000 00000000 00000000
[91110654] GA viisp:stock-opening-5 GCMD[168]: 00000000 00000000 00000000 00000000 00000000 00000000 00000000 00000000
[91110654] GA viisp:stock-opening-5 GCMD[176]: 00000000 00000000 00000000 00000000 00000000 00000000 00000000 00000000
[91110654] GA viisp:stock-opening-5 GCMD[184]: 00000000 00000000 00000000 00000000 00000000 00000000 00000000 00000000
[91110654] GA viisp:stock-opening-5 GCMD[192]: 00000000 00000000 00000000 00000000 00000000 00000000 00000000 00000000
[91110654] GA viisp:stock-opening-5 GCMD[200]: 00000000 00000000 00000000 00000000 00000000 00000000 00000000 00000000
[91110654] GA viisp:stock-opening-5 GCMD[208]: 00000000 00000000 00000000 00000000 00000000 00000000 00000000 00000000
[91110654] GA viisp:stock-opening-5 GCMD[216]: 00000000 00000000 00000000 00000000 00000000 00000000 00000000 00000000
[91110654] GA viisp:stock-opening-5 GCMD[224]: 00000000 00000000 00000000 00000000 00000000 00000000 00000000 00000000
[91110654] GA viisp:stock-opening-5 GCMD[232]: 00000000 00000000 00000000 00000000 00000000 00000000 00000000 00000000
[91110654] GA viisp:stock-opening-5 GCMD[240]: 00000000 00000000 00000000 00000000 00000000 00000000 00000000 00000000
[91110654] GA viisp:stock-opening-5 GCMD[248]: 00000000 00000000 00000000 00000000 00000000 00000000 00000000 00000000
[91110654] GA viisp:stock-opening-5 GCMD[256]: 00000000 00000000 00000000 00000000 00000000 00000000 00000000 00000000
[91110654] GA viisp:stock-opening-5 GCMD[264]: 00000000 00000000 00000000 00000000 00000000 00000000 00000000 00000000
[91110654] GA viisp:stock-opening-5 GCMD[272]: 00000000 00000000 00000000 00000000 00000000 00000000 00000000 00000000
[91110654] GA viisp:stock-opening-5 GCMD[280]: 00000000 00000000 00000000 00000000 00000000 00000000 00000000 00000000
[91110654] GA viisp:stock-opening-5 GCMD[288]: 00000000 00000000 00000000 00000000 00000000 00000000 00000000 00000000
[91110654] GA viisp:stock-opening-5 GCMD[296]: 00000000 00000000 00000000 00000000 00000000 00000000 00000000 00000000
[91110654] GA viisp:stock-opening-5 GCMD[304]: 00000000 00000000 00000000 00000000 00000000 00000000 00000000 00000000
[91110654] GA viisp:stock-opening-5 GCMD[312]: 00000000 00000000 00000000 00000000 00000000 00000000 00000000 00000000
[91110654] GA viisp:stock-opening-5 GCMD[320]: 00000000 00000000 00000000 00000000 00000000 00000000 00000000 00000000
[91110654] GA viisp:stock-opening-5 GCMD[328]: 00000000 00000000 00000000 00000000 00000000 00000000 00000000 00000000
[91110654] GA viisp:stock-opening-5 GCMD[336]: 00000000 00000000 00000000 00000000 00000000 00000000 00000000 00000000
[91110654] GA viisp:stock-opening-5 GCMD[344]: 00000000 00000000 00000000 00000000 00000000 00000000 00000000 00000000
[91110654] GA viisp:stock-opening-5 GCMD[352]: 00000000 00000000 00000000 00000000 00000000 00000000 00000000 00000000
[91110654] GA viisp:stock-opening-5 GCMD[360]: 00000000 00000000 00000000 00000000 00000000 00000000 00000000 00000000
[91110654] GA viisp:stock-opening-5 GCMD[368]: 00000000 00000000 00000000 00000000 00000000 00000000 00000000 00000000
[91110654] GA viisp:stock-opening-5 GCMD[376]: 00000000 00000000 00000000 00000000 00000000 00000000 00000000 00000000
[91110654] GA viisp:stock-opening-5 GCMD[384]: 00000000 00000000 00000000 00000000 00000000 00000000 00000000 00000000
[91110654] GA viisp:stock-opening-5 GCMD[392]: 00000000 00000000 00000000 00000000 00000000 00000000 00000000 00000000
[91110654] GA viisp:stock-opening-5 GCMD[400]: 00000000 00000000 00000000 00000000 00000000 00000000 00000000 00000000
[91110654] GA viisp:stock-opening-5 GCMD[408]: 00000000 00000000 00000000 00000000 00000000 00000000 00000000 00000000
[91110654] GA viisp:stock-opening-5 GCMD[416]: 00000000 00000000 00000000 00000000 00000000 00000000 00000000 00000000
[91110654] GA viisp:stock-opening-5 GCMD[424]: 00000000 00000000 00000000 00000000 00000000 00000000 00000000 00000000
[91110654] GA viisp:stock-opening-5 GCMD[432]: 00000000 00000000 00000000 00000000 00000000 00000000 00000000 00000000
[91110654] GA viisp:stock-opening-5 GCMD[440]: 00000000 00000000 00000000 00000000 00000000 00000000 00000000 00000000
[91110654] GA viisp:stock-opening-5 GCMD[448]: 00000000 00000000 00000000 00000000 00000000 00000000 00000000 00000000
[91110654] GA viisp:stock-opening-5 GCMD[456]: 00000000 00000000 00000000 00000000 00000000 00000000 00000000 00000000
[91110654] GA viisp:stock-opening-5 GCMD[464]: 00000000 00000000 00000000 00000000 00000000 00000000 00000000 00000000
[91110654] GA viisp:stock-opening-5 GCMD[472]: 00000000 00000000 00000000 00000000 00000000 00000000 00000000 00000000
[91110654] GA viisp:stock-opening-5 GCMD[480]: 00000000 00000000 00000000 00000000 00000000 00000000 00000000 00000000
[91110654] GA viisp:stock-opening-5 GCMD[488]: 00000000 00000000 00000000 00000000 00000000 00000000 00000000 00000000
[91110654] GA viisp:stock-opening-5 GCMD[496]: 00000000 00000000 00000000 00000000 00000000 00000000 00000000 00000000
[91110654] GA viisp:stock-opening-5 GCMD[504]: 00000000 00000000 00000000 00000000 00000000 00000000 00000000 00000000
[91110654] GA viisp:stock-opening-5 GCMD[512]: 00000000 00000000 00000000 00000000 00000000 00000000 00000000 00000000
[91110654] GA viisp:stock-opening-5 GCMD[520]: 00000000 00000000 00000000 00000000 00000000 00000000 00000000 00000000
[91110654] GA viisp:stock-opening-5 GCMD[528]: 00000000 00000000 00000000 00000000 00000000 00000000 00000000 00000000
[91110654] GA viisp:stock-opening-5 GCMD[536]: 00000000 00000000 00000000 00000000 00000000 1d0c0002 00000000 00000000
[91110654] GA viisp:stock-opening-5 GCMD[544]: 1d200006 00000000 00000000 00000000 00000000 00000000 00000000 19000002
[91110654] GA viisp:stock-opening-5 GCMD[552]: 00000000 00000000 19020001 00000000 29030040 00000000 00000000 00000000
[91110654] GA viisp:stock-opening-5 GCMD[560]: 00000000 00000000 00000000 00000000 00000000 00000000 00000000 00000000
[91110654] GA viisp:stock-opening-5 GCMD[568]: 00000000 00000000 00000000 00000000 00000000 00000000 00000000 00000000
[91110654] GA viisp:stock-opening-5 GCMD[576]: 00000000 00000000 00000000 00000000 00000000 00000000 00000000 00000000
[91110654] GA viisp:stock-opening-5 GCMD[584]: 00000000 00000000 00000000 00000000 00000000 00000000 00000000 00000000
[91110654] GA viisp:stock-opening-5 GCMD[592]: 00000000 00000000 00000000 00000000 00000000 00000000 00000000 00000000
[91110654] GA viisp:stock-opening-5 GCMD[600]: 00000000 00000000 00000000 00000000 00000000 00000000 00000000 00000000
[91110654] GA viisp:stock-opening-5 GCMD[608]: 00000000 00000000 00000000 00000000 00000000 00000000 00000000 00000000
[91110654] GA viisp:stock-opening-5 GCMD[616]: 00000000 00000000 00000000 00000000 00000000 19040002 00000000 00000000
[91110654] GA viisp:stock-opening-5 GCMD[624]: 19060001 00000000 29070024 00000000 00000000 00000000 00000000 00000000
[91110654] GA viisp:stock-opening-5 GCMD[632]: 00000000 00000000 00000000 00000000 00000000 00000000 00000000 00000000
[91110654] GA viisp:stock-opening-5 GCMD[640]: 00000000 00000000 00000000 00000000 00000000 00000000 00000000 00000000
[91110654] GA viisp:stock-opening-5 GCMD[648]: 00000000 00000000 00000000 00000000 00000000 00000000 00000000 00000000
[91110654] GA viisp:stock-opening-5 GCMD[656]: 00000000 00000000 00000000 00000000 00000000 00000000 00000000 19080001
[91110654] GA viisp:stock-opening-5 GCMD[664]: 00000000 1920000a 00000000 00000000 00000000 00000000 00000000 00000000
[91110654] GA viisp:stock-opening-5 GCMD[672]: 00000000 00000000 00000000 00000000 19090007 00000000 00000000 00000000
[91110654] GA viisp:stock-opening-5 GCMD[680]: 00000000 00000000 00000000 00000000 19100009 00000000 00000000 00000000
[91110654] GA viisp:stock-opening-5 GCMD[688]: 00000000 00000000 00000000 00000000 00000000 00000000 19190001 00000000
[91110654] GA viisp:stock-opening-5 GCMD[696]: 291a0009 00000000 00000000 00000000 00000000 00000000 00000000 00000000
[91110654] GA viisp:stock-opening-5 GCMD[704]: 00000000 00000200 191b0001 00000000 291c0009 00000000 00000000 00000000
[91110654] GA viisp:stock-opening-5 GCMD[712]: 00000000 00000000 00000000 00000000 00000000 00000000 191d0001 00000000
[91110654] GA viisp:stock-opening-5 GCMD[720]: 291e0009 00000000 00000000 00000000 00000000 00000000 00000000 00000000
[91110654] GA viisp:stock-opening-5 GCMD[728]: 00000000 00000000 191f0001 00000002 15060009 00000000 00000000 00000000
[91110654] GA viisp:stock-opening-5 GCMD[736]: 00000000 00000000 00000000 00000000 00000000 00000000 16000010 00000000
[91110654] GA viisp:stock-opening-5 GCMD[744]: 00000000 00000000 00000000 00000000 00000000 00000000 00000000 00000000
[91110654] GA viisp:stock-opening-5 GCMD[752]: 00000000 00000000 00000000 00000000 00000000 00000000 00000000 16500001
[91110654] GA viisp:stock-opening-5 GCMD[760]: 00000000 16510001 00000000 26520101 00000000 00000000 00000000 00000000
[91110654] GA viisp:stock-opening-5 GCMD[768]: 00000000 00000000 00000000 00000000 00000000 00000000 00000000 00000000
[91110654] GA viisp:stock-opening-5 GCMD[776]: 00000000 00000000 00000000 00000000 00000000 00000000 00000000 00000000
[91110654] GA viisp:stock-opening-5 GCMD[784]: 00000000 00000000 00000000 00000000 00000000 00000000 00000000 00000000
[91110654] GA viisp:stock-opening-5 GCMD[792]: 00000000 00000000 00000000 00000000 00000000 00000000 00000000 00000000
[91110654] GA viisp:stock-opening-5 GCMD[800]: 00000000 00000000 00000000 00000000 00000000 00000000 00000000 00000000
[91110654] GA viisp:stock-opening-5 GCMD[808]: 00000000 00000000 00000000 00000000 00000000 00000000 00000000 00000000
[91110654] GA viisp:stock-opening-5 GCMD[816]: 00000000 00000000 00000000 00000000 00000000 00000000 00000000 00000000
[91110654] GA viisp:stock-opening-5 GCMD[824]: 00000000 00000000 00000000 00000000 00000000 00000000 00000000 00000000
[91110654] GA viisp:stock-opening-5 GCMD[832]: 00000000 00000000 00000000 00000000 00000000 00000000 00000000 00000000
[91110654] GA viisp:stock-opening-5 GCMD[840]: 00000000 00000000 00000000 00000000 00000000 00000000 00000000 00000000
[91110654] GA viisp:stock-opening-5 GCMD[848]: 00000000 00000000 00000000 00000000 00000000 00000000 00000000 00000000
[91110654] GA viisp:stock-opening-5 GCMD[856]: 00000000 00000000 00000000 00000000 00000000 00000000 00000000 00000000
[91110654] GA viisp:stock-opening-5 GCMD[864]: 00000000 00000000 00000000 00000000 00000000 00000000 00000000 00000000
[91110654] GA viisp:stock-opening-5 GCMD[872]: 00000000 00000000 00000000 00000000 00000000 00000000 00000000 00000000
[91110654] GA viisp:stock-opening-5 GCMD[880]: 00000000 00000000 00000000 00000000 00000000 00000000 00000000 00000000
[91110654] GA viisp:stock-opening-5 GCMD[888]: 00000000 00000000 00000000 00000000 00000000 00000000 00000000 00000000
[91110654] GA viisp:stock-opening-5 GCMD[896]: 00000000 00000000 00000000 00000000 00000000 00000000 00000000 00000000
[91110654] GA viisp:stock-opening-5 GCMD[904]: 00000000 00000000 00000000 00000000 00000000 00000000 00000000 00000000
[91110654] GA viisp:stock-opening-5 GCMD[912]: 00000000 00000000 00000000 00000000 00000000 00000000 00000000 00000000
[91110654] GA viisp:stock-opening-5 GCMD[920]: 00000000 00000000 00000000 00000000 00000000 00000000 00000000 00000000
[91110654] GA viisp:stock-opening-5 GCMD[928]: 00000000 00000000 00000000 00000000 00000000 00000000 00000000 00000000
[91110654] GA viisp:stock-opening-5 GCMD[936]: 00000000 00000000 00000000 00000000 00000000 00000000 00000000 00000000
[91110654] GA viisp:stock-opening-5 GCMD[944]: 00000000 00000000 00000000 00000000 00000000 00000000 00000000 00000000
[91110654] GA viisp:stock-opening-5 GCMD[952]: 00000000 00000000 00000000 00000000 00000000 00000000 00000000 00000000
[91110654] GA viisp:stock-opening-5 GCMD[960]: 00000000 00000000 00000000 00000000 00000000 00000000 00000000 00000000
[91110654] GA viisp:stock-opening-5 GCMD[968]: 00000000 00000000 00000000 00000000 00000000 00000000 00000000 00000000
[91110654] GA viisp:stock-opening-5 GCMD[976]: 00000000 00000000 00000000 00000000 00000000 00000000 00000000 00000000
[91110654] GA viisp:stock-opening-5 GCMD[984]: 00000000 00000000 00000000 00000000 00000000 00000000 00000000 00000000
[91110654] GA viisp:stock-opening-5 GCMD[992]: 00000000 00000000 00000000 00000000 00000000 00000000 00000000 00000000
[91110654] GA viisp:stock-opening-5 GCMD[1000]: 00000000 00000000 00000000 00000000 00000000 00000000 00000000 00000000
[91110654] GA viisp:stock-opening-5 GCMD[1008]: 00000000 00000000 00000000 00000000 00000000 00000000 00000000 00000000
[91110654] GA viisp:stock-opening-5 GCMD[1016]: 00000000 00000000 00000000 00000000 00000000 16530001 00000000 26540101
[91110654] GA viisp:stock-opening-5 GCMD[1024]: 00000000 00000000 00000000 00000000 00000000 00000000 00000000 00000000
[91110654] GA viisp:stock-opening-5 GCMD[1032]: 00000000 00000000 00000000 00000000 00000000 00000000 00000000 00000000
[91110654] GA viisp:stock-opening-5 GCMD[1040]: 00000000 00000000 00000000 00000000 00000000 00000000 00000000 00000000
[91110654] GA viisp:stock-opening-5 GCMD[1048]: 00000000 00000000 00000000 00000000 00000000 00000000 00000000 00000000
[91110654] GA viisp:stock-opening-5 GCMD[1056]: 00000000 00000000 00000000 00000000 00000000 00000000 00000000 00000000
[91110654] GA viisp:stock-opening-5 GCMD[1064]: 00000000 00000000 00000000 00000000 00000000 00000000 00000000 00000000
[91110654] GA viisp:stock-opening-5 GCMD[1072]: 00000000 00000000 00000000 00000000 00000000 00000000 00000000 00000000
[91110654] GA viisp:stock-opening-5 GCMD[1080]: 00000000 00000000 00000000 00000000 00000000 00000000 00000000 00000000
[91110654] GA viisp:stock-opening-5 GCMD[1088]: 00000000 00000000 00000000 00000000 00000000 00000000 00000000 00000000
[91110654] GA viisp:stock-opening-5 GCMD[1096]: 00000000 00000000 00000000 00000000 00000000 00000000 00000000 00000000
[91110654] GA viisp:stock-opening-5 GCMD[1104]: 00000000 00000000 00000000 00000000 00000000 00000000 00000000 00000000
[91110654] GA viisp:stock-opening-5 GCMD[1112]: 00000000 00000000 00000000 00000000 00000000 00000000 00000000 00000000
[91110654] GA viisp:stock-opening-5 GCMD[1120]: 00000000 00000000 00000000 00000000 00000000 00000000 00000000 00000000
[91110654] GA viisp:stock-opening-5 GCMD[1128]: 00000000 00000000 00000000 00000000 00000000 00000000 00000000 00000000
[91110654] GA viisp:stock-opening-5 GCMD[1136]: 00000000 00000000 00000000 00000000 00000000 00000000 00000000 00000000
[91110654] GA viisp:stock-opening-5 GCMD[1144]: 00000000 00000000 00000000 00000000 00000000 00000000 00000000 00000000
[91110654] GA viisp:stock-opening-5 GCMD[1152]: 00000000 00000000 00000000 00000000 00000000 00000000 00000000 00000000
[91110654] GA viisp:stock-opening-5 GCMD[1160]: 00000000 00000000 00000000 00000000 00000000 00000000 00000000 00000000
[91110654] GA viisp:stock-opening-5 GCMD[1168]: 00000000 00000000 00000000 00000000 00000000 00000000 00000000 00000000
[91110654] GA viisp:stock-opening-5 GCMD[1176]: 00000000 00000000 00000000 00000000 00000000 00000000 00000000 00000000
[91110654] GA viisp:stock-opening-5 GCMD[1184]: 00000000 00000000 00000000 00000000 00000000 00000000 00000000 00000000
[91110654] GA viisp:stock-opening-5 GCMD[1192]: 00000000 00000000 00000000 00000000 00000000 00000000 00000000 00000000
[91110654] GA viisp:stock-opening-5 GCMD[1200]: 00000000 00000000 00000000 00000000 00000000 00000000 00000000 00000000
[91110654] GA viisp:stock-opening-5 GCMD[1208]: 00000000 00000000 00000000 00000000 00000000 00000000 00000000 00000000
[91110654] GA viisp:stock-opening-5 GCMD[1216]: 00000000 00000000 00000000 00000000 00000000 00000000 00000000 00000000
[91110654] GA viisp:stock-opening-5 GCMD[1224]: 00000000 00000000 00000000 00000000 00000000 00000000 00000000 00000000
[91110654] GA viisp:stock-opening-5 GCMD[1232]: 00000000 00000000 00000000 00000000 00000000 00000000 00000000 00000000
[91110654] GA viisp:stock-opening-5 GCMD[1240]: 00000000 00000000 00000000 00000000 00000000 00000000 00000000 00000000
[91110654] GA viisp:stock-opening-5 GCMD[1248]: 00000000 00000000 00000000 00000000 00000000 00000000 00000000 00000000
[91110654] GA viisp:stock-opening-5 GCMD[1256]: 00000000 00000000 00000000 00000000 00000000 00000000 00000000 00000000
[91110654] GA viisp:stock-opening-5 GCMD[1264]: 00000000 00000000 00000000 00000000 00000000 00000000 00000000 00000000
[91110654] GA viisp:stock-opening-5 GCMD[1272]: 00000000 00000000 00000000 00000000 00000000 00000000 00000000 00000000
[91110654] GA viisp:stock-opening-5 GCMD[1280]: 00000000 16550001 00000000 26560101 00000000 00000000 00000000 00000000
[91110654] GA viisp:stock-opening-5 GCMD[1288]: 00000000 00000000 00000000 00000000 00000000 00000000 00000000 00000000
[91110654] GA viisp:stock-opening-5 GCMD[1296]: 00000000 00000000 00000000 00000000 00000000 00000000 00000000 00000000
[91110654] GA viisp:stock-opening-5 GCMD[1304]: 00000000 00000000 00000000 00000000 00000000 00000000 00000000 00000000
[91110654] GA viisp:stock-opening-5 GCMD[1312]: 00000000 00000000 00000000 00000000 00000000 00000000 00000000 00000000
[91110654] GA viisp:stock-opening-5 GCMD[1320]: 00000000 00000000 00000000 00000000 00000000 00000000 00000000 00000000
[91110654] GA viisp:stock-opening-5 GCMD[1328]: 00000000 00000000 00000000 00000000 00000000 00000000 00000000 00000000
[91110654] GA viisp:stock-opening-5 GCMD[1336]: 00000000 00000000 00000000 00000000 00000000 00000000 00000000 00000000
[91110654] GA viisp:stock-opening-5 GCMD[1344]: 00000000 00000000 00000000 00000000 00000000 00000000 00000000 00000000
[91110654] GA viisp:stock-opening-5 GCMD[1352]: 00000000 00000000 00000000 00000000 00000000 00000000 00000000 00000000
[91110654] GA viisp:stock-opening-5 GCMD[1360]: 00000000 00000000 00000000 00000000 00000000 00000000 00000000 00000000
[91110654] GA viisp:stock-opening-5 GCMD[1368]: 00000000 00000000 00000000 00000000 00000000 00000000 00000000 00000000
[91110654] GA viisp:stock-opening-5 GCMD[1376]: 00000000 00000000 00000000 00000000 00000000 00000000 00000000 00000000
[91110654] GA viisp:stock-opening-5 GCMD[1384]: 00000000 00000000 00000000 00000000 00000000 00000000 00000000 00000000
[91110654] GA viisp:stock-opening-5 GCMD[1392]: 00000000 00000000 00000000 00000000 00000000 00000000 00000000 00000000
[91110654] GA viisp:stock-opening-5 GCMD[1400]: 00000000 00000000 00000000 00000000 00000000 00000000 00000000 00000000
[91110654] GA viisp:stock-opening-5 GCMD[1408]: 00000000 00000000 00000000 00000000 00000000 00000000 00000000 00000000
[91110654] GA viisp:stock-opening-5 GCMD[1416]: 00000000 00000000 00000000 00000000 00000000 00000000 00000000 00000000
[91110654] GA viisp:stock-opening-5 GCMD[1424]: 00000000 00000000 00000000 00000000 00000000 00000000 00000000 00000000
[91110654] GA viisp:stock-opening-5 GCMD[1432]: 00000000 00000000 00000000 00000000 00000000 00000000 00000000 00000000
[91110654] GA viisp:stock-opening-5 GCMD[1440]: 00000000 00000000 00000000 00000000 00000000 00000000 00000000 00000000
[91110654] GA viisp:stock-opening-5 GCMD[1448]: 00000000 00000000 00000000 00000000 00000000 00000000 00000000 00000000
[91110654] GA viisp:stock-opening-5 GCMD[1456]: 00000000 00000000 00000000 00000000 00000000 00000000 00000000 00000000
[91110654] GA viisp:stock-opening-5 GCMD[1464]: 00000000 00000000 00000000 00000000 00000000 00000000 00000000 00000000
[91110654] GA viisp:stock-opening-5 GCMD[1472]: 00000000 00000000 00000000 00000000 00000000 00000000 00000000 00000000
[91110654] GA viisp:stock-opening-5 GCMD[1480]: 00000000 00000000 00000000 00000000 00000000 00000000 00000000 00000000
[91110654] GA viisp:stock-opening-5 GCMD[1488]: 00000000 00000000 00000000 00000000 00000000 00000000 00000000 00000000
[91110654] GA viisp:stock-opening-5 GCMD[1496]: 00000000 00000000 00000000 00000000 00000000 00000000 00000000 00000000
[91110654] GA viisp:stock-opening-5 GCMD[1504]: 00000000 00000000 00000000 00000000 00000000 00000000 00000000 00000000
[91110654] GA viisp:stock-opening-5 GCMD[1512]: 00000000 00000000 00000000 00000000 00000000 00000000 00000000 00000000
[91110654] GA viisp:stock-opening-5 GCMD[1520]: 00000000 00000000 00000000 00000000 00000000 00000000 00000000 00000000
[91110654] GA viisp:stock-opening-5 GCMD[1528]: 00000000 00000000 00000000 00000000 00000000 00000000 00000000 00000000
[91110654] GA viisp:stock-opening-5 GCMD[1536]: 00000000 00000000 00000000 00000000 00000000 16570001 00000000 26580101
[91110654] GA viisp:stock-opening-5 GCMD[1544]: 00000000 00000000 00000000 00000000 00000000 00000000 00000000 00000000
[91110654] GA viisp:stock-opening-5 GCMD[1552]: 00000000 00000000 00000000 00000000 00000000 00000000 00000000 00000000
[91110654] GA viisp:stock-opening-5 GCMD[1560]: 00000000 00000000 00000000 00000000 00000000 00000000 00000000 00000000
[91110654] GA viisp:stock-opening-5 GCMD[1568]: 00000000 00000000 00000000 00000000 00000000 00000000 00000000 00000000
[91110654] GA viisp:stock-opening-5 GCMD[1576]: 00000000 00000000 00000000 00000000 00000000 00000000 00000000 00000000
[91110654] GA viisp:stock-opening-5 GCMD[1584]: 00000000 00000000 00000000 00000000 00000000 00000000 00000000 00000000
[91110654] GA viisp:stock-opening-5 GCMD[1592]: 00000000 00000000 00000000 00000000 00000000 00000000 00000000 00000000
[91110654] GA viisp:stock-opening-5 GCMD[1600]: 00000000 00000000 00000000 00000000 00000000 00000000 00000000 00000000
[91110654] GA viisp:stock-opening-5 GCMD[1608]: 00000000 00000000 00000000 00000000 00000000 00000000 00000000 00000000
[91110654] GA viisp:stock-opening-5 GCMD[1616]: 00000000 00000000 00000000 00000000 00000000 00000000 00000000 00000000
[91110654] GA viisp:stock-opening-5 GCMD[1624]: 00000000 00000000 00000000 00000000 00000000 00000000 00000000 00000000
[91110654] GA viisp:stock-opening-5 GCMD[1632]: 00000000 00000000 00000000 00000000 00000000 00000000 00000000 00000000
[91110654] GA viisp:stock-opening-5 GCMD[1640]: 00000000 00000000 00000000 00000000 00000000 00000000 00000000 00000000
[91110654] GA viisp:stock-opening-5 GCMD[1648]: 00000000 00000000 00000000 00000000 00000000 00000000 00000000 00000000
[91110654] GA viisp:stock-opening-5 GCMD[1656]: 00000000 00000000 00000000 00000000 00000000 00000000 00000000 00000000
[91110654] GA viisp:stock-opening-5 GCMD[1664]: 00000000 00000000 00000000 00000000 00000000 00000000 00000000 00000000
[91110654] GA viisp:stock-opening-5 GCMD[1672]: 00000000 00000000 00000000 00000000 00000000 00000000 00000000 00000000
[91110654] GA viisp:stock-opening-5 GCMD[1680]: 00000000 00000000 00000000 00000000 00000000 00000000 00000000 00000000
[91110654] GA viisp:stock-opening-5 GCMD[1688]: 00000000 00000000 00000000 00000000 00000000 00000000 00000000 00000000
[91110654] GA viisp:stock-opening-5 GCMD[1696]: 00000000 00000000 00000000 00000000 00000000 00000000 00000000 00000000
[91110654] GA viisp:stock-opening-5 GCMD[1704]: 00000000 00000000 00000000 00000000 00000000 00000000 00000000 00000000
[91110654] GA viisp:stock-opening-5 GCMD[1712]: 00000000 00000000 00000000 00000000 00000000 00000000 00000000 00000000
[91110654] GA viisp:stock-opening-5 GCMD[1720]: 00000000 00000000 00000000 00000000 00000000 00000000 00000000 00000000
[91110654] GA viisp:stock-opening-5 GCMD[1728]: 00000000 00000000 00000000 00000000 00000000 00000000 00000000 00000000
[91110654] GA viisp:stock-opening-5 GCMD[1736]: 00000000 00000000 00000000 00000000 00000000 00000000 00000000 00000000
[91110654] GA viisp:stock-opening-5 GCMD[1744]: 00000000 00000000 00000000 00000000 00000000 00000000 00000000 00000000
[91110654] GA viisp:stock-opening-5 GCMD[1752]: 00000000 00000000 00000000 00000000 00000000 00000000 00000000 00000000
[91110654] GA viisp:stock-opening-5 GCMD[1760]: 00000000 00000000 00000000 00000000 00000000 00000000 00000000 00000000
[91110654] GA viisp:stock-opening-5 GCMD[1768]: 00000000 00000000 00000000 00000000 00000000 00000000 00000000 00000000
[91110654] GA viisp:stock-opening-5 GCMD[1776]: 00000000 00000000 00000000 00000000 00000000 00000000 00000000 00000000
[91110654] GA viisp:stock-opening-5 GCMD[1784]: 00000000 00000000 00000000 00000000 00000000 00000000 00000000 00000000
[91110654] GA viisp:stock-opening-5 GCMD[1792]: 00000000 00000000 00000000 00000000 00000000 00000000 00000000 00000000
[91110654] GA viisp:stock-opening-5 GCMD[1800]: 00000000 13000004 00000000 00000000 00000000 00000000 13040004 00000000
[91110654] GA viisp:stock-opening-5 GCMD[1808]: 00000000 00000000 00000000 10530002 00000000 00000000 00000d00 200c0001
[91110654] GA viisp:stock-opening-5 GCMD[1816]: 0000000f 00000d00 10180005 00000000 00000400 00000000 00000200 00000002
[91110654] GA viisp:stock-opening-5 GCMD[1824]: 101e0001 00000000 101f0001 00000001 105f0001 00000010 00000d00 12020003
[91110654] GA viisp:stock-opening-5 GCMD[1832]: 00000000 00000000 00000000 12000002 00000000 00000000 12050004 00000000
[91110654] GA viisp:stock-opening-5 GCMD[1840]: 00000000 00000000 00000000 17000010 00000000 00000000 00000000 00000000
[91110654] GA viisp:stock-opening-5 GCMD[1848]: 00000000 00000000 00000000 00000000 00000000 00000000 00000000 00000000
[91110654] GA viisp:stock-opening-5 GCMD[1856]: 00000000 00000000 00000000 00000000 17500010 00000000 00000000 00000000
[91110654] GA viisp:stock-opening-5 GCMD[1864]: 00000000 00000000 00000000 00000000 00000000 00000000 00000000 00000000
[91110654] GA viisp:stock-opening-5 GCMD[1872]: 00000000 00000000 00000000 00000000 00000000 1d00000a 00000000 00000000
[91110654] GA viisp:stock-opening-5 GCMD[1880]: 00000000 00000000 00000000 00000000 00000000 00000000 00000000 00000000
[91110654] GA viisp:stock-opening-5 GCMD[1888]: 1d0a0001 00000000 2d0b01e0 00000000 00000000 00000000 00000000 00000000
[91110654] GA viisp:stock-opening-5 GCMD[1896]: 00000000 00000000 00000000 00000000 00000000 00000000 00000000 00000000
[91110654] GA viisp:stock-opening-5 GCMD[1904]: 00000000 00000000 00000000 00000000 00000000 00000000 00000000 00000000
[91110654] GA viisp:stock-opening-5 GCMD[1912]: 00000000 00000000 00000000 00000000 00000000 00000000 00000000 00000000
[91110654] GA viisp:stock-opening-5 GCMD[1920]: 00000000 00000000 00000000 00000000 00000000 00000000 00000000 00000000
[91110654] GA viisp:stock-opening-5 GCMD[1928]: 00000000 00000000 00000000 00000000 00000000 00000000 00000000 00000000
[91110654] GA viisp:stock-opening-5 GCMD[1936]: 00000000 00000000 00000000 00000000 00000000 00000000 00000000 00000000
[91110654] GA viisp:stock-opening-5 GCMD[1944]: 00000000 00000000 00000000 00000000 00000000 00000000 00000000 00000000
[91110654] GA viisp:stock-opening-5 GCMD[1952]: 00000000 00000000 00000000 00000000 00000000 00000000 00000000 00000000
[91110654] GA viisp:stock-opening-5 GCMD[1960]: 00000000 00000000 00000000 00000000 00000000 00000000 00000000 00000000
[91110654] GA viisp:stock-opening-5 GCMD[1968]: 00000000 00000000 00000000 00000000 00000000 00000000 00000000 00000000
[91110654] GA viisp:stock-opening-5 GCMD[1976]: 00000000 00000000 00000000 00000000 00000000 00000000 00000000 00000000
[91110654] GA viisp:stock-opening-5 GCMD[1984]: 00000000 00000000 00000000 00000000 00000000 00000000 00000000 00000000
[91110654] GA viisp:stock-opening-5 GCMD[1992]: 00000000 00000000 00000000 00000000 00000000 00000000 00000000 00000000
[91110654] GA viisp:stock-opening-5 GCMD[2000]: 00000000 00000000 00000000 00000000 00000000 00000000 00000000 00000000
[91110654] GA viisp:stock-opening-5 GCMD[2008]: 00000000 00000000 00000000 00000000 00000000 00000000 00000000 00000000
[91110654] GA viisp:stock-opening-5 GCMD[2016]: 00000000 00000000 00000000 00000000 00000000 00000000 00000000 00000000
[91110654] GA viisp:stock-opening-5 GCMD[2024]: 00000000 00000000 00000000 00000000 00000000 00000000 00000000 00000000
[91110654] GA viisp:stock-opening-5 GCMD[2032]: 00000000 00000000 00000000 00000000 00000000 00000000 00000000 00000000
[91110654] GA viisp:stock-opening-5 GCMD[2040]: 00000000 00000000 00000000 00000000 00000000 00000000 00000000 00000000
[91110654] GA viisp:stock-opening-5 GCMD[2048]: 00000000 00000000 00000000 00000000 00000000 00000000 00000000 00000000
[91110654] GA viisp:stock-opening-5 GCMD[2056]: 00000000 00000000 00000000 00000000 00000000 00000000 00000000 00000000
[91110654] GA viisp:stock-opening-5 GCMD[2064]: 00000000 00000000 00000000 00000000 00000000 00000000 00000000 00000000
[91110654] GA viisp:stock-opening-5 GCMD[2072]: 00000000 00000000 00000000 00000000 00000000 00000000 00000000 00000000
[91110654] GA viisp:stock-opening-5 GCMD[2080]: 00000000 00000000 00000000 00000000 00000000 00000000 00000000 00000000
[91110654] GA viisp:stock-opening-5 GCMD[2088]: 00000000 00000000 00000000 00000000 00000000 00000000 00000000 00000000
[91110654] GA viisp:stock-opening-5 GCMD[2096]: 00000000 00000000 00000000 00000000 00000000 00000000 00000000 00000000
[91110654] GA viisp:stock-opening-5 GCMD[2104]: 00000000 00000000 00000000 00000000 00000000 00000000 00000000 00000000
[91110654] GA viisp:stock-opening-5 GCMD[2112]: 00000000 00000000 00000000 00000000 00000000 00000000 00000000 00000000
[91110654] GA viisp:stock-opening-5 GCMD[2120]: 00000000 00000000 00000000 00000000 00000000 00000000 00000000 00000000
[91110654] GA viisp:stock-opening-5 GCMD[2128]: 00000000 00000000 00000000 00000000 00000000 00000000 00000000 00000000
[91110654] GA viisp:stock-opening-5 GCMD[2136]: 00000000 00000000 00000000 00000000 00000000 00000000 00000000 00000000
[91110654] GA viisp:stock-opening-5 GCMD[2144]: 00000000 00000000 00000000 00000000 00000000 00000000 00000000 00000000
[91110654] GA viisp:stock-opening-5 GCMD[2152]: 00000000 00000000 00000000 00000000 00000000 00000000 00000000 00000000
[91110654] GA viisp:stock-opening-5 GCMD[2160]: 00000000 00000000 00000000 00000000 00000000 00000000 00000000 00000000
[91110654] GA viisp:stock-opening-5 GCMD[2168]: 00000000 00000000 00000000 00000000 00000000 00000000 00000000 00000000
[91110654] GA viisp:stock-opening-5 GCMD[2176]: 00000000 00000000 00000000 00000000 00000000 00000000 00000000 00000000
[91110654] GA viisp:stock-opening-5 GCMD[2184]: 00000000 00000000 00000000 00000000 00000000 00000000 00000000 00000000
[91110654] GA viisp:stock-opening-5 GCMD[2192]: 00000000 00000000 00000000 00000000 00000000 00000000 00000000 00000000
[91110654] GA viisp:stock-opening-5 GCMD[2200]: 00000000 00000000 00000000 00000000 00000000 00000000 00000000 00000000
[91110654] GA viisp:stock-opening-5 GCMD[2208]: 00000000 00000000 00000000 00000000 00000000 00000000 00000000 00000000
[91110654] GA viisp:stock-opening-5 GCMD[2216]: 00000000 00000000 00000000 00000000 00000000 00000000 00000000 00000000
[91110654] GA viisp:stock-opening-5 GCMD[2224]: 00000000 00000000 00000000 00000000 00000000 00000000 00000000 00000000
[91110654] GA viisp:stock-opening-5 GCMD[2232]: 00000000 00000000 00000000 00000000 00000000 00000000 00000000 00000000
[91110654] GA viisp:stock-opening-5 GCMD[2240]: 00000000 00000000 00000000 00000000 00000000 00000000 00000000 00000000
[91110654] GA viisp:stock-opening-5 GCMD[2248]: 00000000 00000000 00000000 00000000 00000000 00000000 00000000 00000000
[91110654] GA viisp:stock-opening-5 GCMD[2256]: 00000000 00000000 00000000 00000000 00000000 00000000 00000000 00000000
[91110654] GA viisp:stock-opening-5 GCMD[2264]: 00000000 00000000 00000000 00000000 00000000 00000000 00000000 00000000
[91110654] GA viisp:stock-opening-5 GCMD[2272]: 00000000 00000000 00000000 00000000 00000000 00000000 00000000 00000000
[91110654] GA viisp:stock-opening-5 GCMD[2280]: 00000000 00000000 00000000 00000000 00000000 00000000 00000000 00000000
[91110654] GA viisp:stock-opening-5 GCMD[2288]: 00000000 00000000 00000000 00000000 00000000 00000000 00000000 00000000
[91110654] GA viisp:stock-opening-5 GCMD[2296]: 00000000 00000000 00000000 00000000 00000000 00000000 00000000 00000000
[91110654] GA viisp:stock-opening-5 GCMD[2304]: 00000000 00000000 00000000 00000000 00000000 00000000 00000000 00000000
[91110654] GA viisp:stock-opening-5 GCMD[2312]: 00000000 00000000 00000000 00000000 00000000 00000000 00000000 00000000
[91110654] GA viisp:stock-opening-5 GCMD[2320]: 00000000 00000000 00000000 00000000 00000000 00000000 00000000 00000000
[91110654] GA viisp:stock-opening-5 GCMD[2328]: 00000000 00000000 00000000 00000000 00000000 00000000 00000000 00000000
[91110654] GA viisp:stock-opening-5 GCMD[2336]: 00000000 00000000 00000000 00000000 00000000 00000000 00000000 00000000
[91110654] GA viisp:stock-opening-5 GCMD[2344]: 00000000 00000000 00000000 00000000 00000000 00000000 00000000 00000000
[91110654] GA viisp:stock-opening-5 GCMD[2352]: 00000000 00000000 00000000 00000000 00000000 00000000 00000000 00000000
[91110654] GA viisp:stock-opening-5 GCMD[2360]: 00000000 00000000 00000000 00000000 00000000 00000000 00000000 00000000
[91110654] GA viisp:stock-opening-5 GCMD[2368]: 00000000 00000000 00000000 1d0c0002 00000000 00000000 1d200006 00000000
[91110654] GA viisp:stock-opening-5 GCMD[2376]: 00000000 00000000 00000000 00000000 00000000 19000002 00000000 00000000
[91110654] GA viisp:stock-opening-5 GCMD[2384]: 19020001 00000000 29030040 00000000 00000000 00000000 00000000 00000000
[91110654] GA viisp:stock-opening-5 GCMD[2392]: 00000000 00000000 00000000 00000000 00000000 00000000 00000000 00000000
[91110654] GA viisp:stock-opening-5 GCMD[2400]: 00000000 00000000 00000000 00000000 00000000 00000000 00000000 00000000
[91110654] GA viisp:stock-opening-5 GCMD[2408]: 00000000 00000000 00000000 00000000 00000000 00000000 00000000 00000000
[91110654] GA viisp:stock-opening-5 GCMD[2416]: 00000000 00000000 00000000 00000000 00000000 00000000 00000000 00000000
[91110654] GA viisp:stock-opening-5 GCMD[2424]: 00000000 00000000 00000000 00000000 00000000 00000000 00000000 00000000
[91110654] GA viisp:stock-opening-5 GCMD[2432]: 00000000 00000000 00000000 00000000 00000000 00000000 00000000 00000000
[91110654] GA viisp:stock-opening-5 GCMD[2440]: 00000000 00000000 00000000 00000000 00000000 00000000 00000000 00000000
[91110654] GA viisp:stock-opening-5 GCMD[2448]: 00000000 00000000 00000000 19040002 00000000 00000000 19060001 00000000
[91110654] GA viisp:stock-opening-5 GCMD[2456]: 29070024 00000000 00000000 00000000 00000000 00000000 00000000 00000000
[91110654] GA viisp:stock-opening-5 GCMD[2464]: 00000000 00000000 00000000 00000000 00000000 00000000 00000000 00000000
[91110654] GA viisp:stock-opening-5 GCMD[2472]: 00000000 00000000 00000000 00000000 00000000 00000000 00000000 00000000
[91110654] GA viisp:stock-opening-5 GCMD[2480]: 00000000 00000000 00000000 00000000 00000000 00000000 00000000 00000000
[91110654] GA viisp:stock-opening-5 GCMD[2488]: 00000000 00000000 00000000 00000000 00000000 19080001 00000000 1920000a
[91110654] GA viisp:stock-opening-5 GCMD[2496]: 00000000 00000000 00000000 00000000 00000000 00000000 00000000 00000000
[91110654] GA viisp:stock-opening-5 GCMD[2504]: 00000000 00000000 19090007 00000000 00000000 00000000 00000000 00000000
[91110654] GA viisp:stock-opening-5 GCMD[2512]: 00000000 00000000 19100009 00000000 00000000 00000000 00000000 00000000
[91110654] GA viisp:stock-opening-5 GCMD[2520]: 00000000 00000000 00000000 00000000 19190001 00000000 291a0009 00000000
[91110654] GA viisp:stock-opening-5 GCMD[2528]: 00000000 00000000 00000000 00000000 00000000 00000000 00000000 00000200
[91110654] GA viisp:stock-opening-5 GCMD[2536]: 191b0001 00000000 291c0009 00000000 00000000 00000000 00000000 00000000
[91110654] GA viisp:stock-opening-5 GCMD[2544]: 00000000 00000000 00000000 00000000 191d0001 00000000 291e0009 00000000
[91110654] GA viisp:stock-opening-5 GCMD[2552]: 00000000 00000000 00000000 00000000 00000000 00000000 00000000 00000000
[91110654] GA viisp:stock-opening-5 GCMD[2560]: 191f0001 00000002 15060009 00000000 00000000 00000000 00000000 00000000
[91110654] GA viisp:stock-opening-5 GCMD[2568]: 00000000 00000000 00000000 00000000 16000010 00000000 00000000 00000000
[91110654] GA viisp:stock-opening-5 GCMD[2576]: 00000000 00000000 00000000 00000000 00000000 00000000 00000000 00000000
[91110654] GA viisp:stock-opening-5 GCMD[2584]: 00000000 00000000 00000000 00000000 00000000 16500001 00000000 16510001
[91110654] GA viisp:stock-opening-5 GCMD[2592]: 00000000 26520101 00000000 00000000 00000000 00000000 00000000 00000000
[91110654] GA viisp:stock-opening-5 GCMD[2600]: 00000000 00000000 00000000 00000000 00000000 00000000 00000000 00000000
[91110654] GA viisp:stock-opening-5 GCMD[2608]: 00000000 00000000 00000000 00000000 00000000 00000000 00000000 00000000
[91110654] GA viisp:stock-opening-5 GCMD[2616]: 00000000 00000000 00000000 00000000 00000000 00000000 00000000 00000000
[91110654] GA viisp:stock-opening-5 GCMD[2624]: 00000000 00000000 00000000 00000000 00000000 00000000 00000000 00000000
[91110654] GA viisp:stock-opening-5 GCMD[2632]: 00000000 00000000 00000000 00000000 00000000 00000000 00000000 00000000
[91110654] GA viisp:stock-opening-5 GCMD[2640]: 00000000 00000000 00000000 00000000 00000000 00000000 00000000 00000000
[91110654] GA viisp:stock-opening-5 GCMD[2648]: 00000000 00000000 00000000 00000000 00000000 00000000 00000000 00000000
[91110654] GA viisp:stock-opening-5 GCMD[2656]: 00000000 00000000 00000000 00000000 00000000 00000000 00000000 00000000
[91110654] GA viisp:stock-opening-5 GCMD[2664]: 00000000 00000000 00000000 00000000 00000000 00000000 00000000 00000000
[91110654] GA viisp:stock-opening-5 GCMD[2672]: 00000000 00000000 00000000 00000000 00000000 00000000 00000000 00000000
[91110654] GA viisp:stock-opening-5 GCMD[2680]: 00000000 00000000 00000000 00000000 00000000 00000000 00000000 00000000
[91110654] GA viisp:stock-opening-5 GCMD[2688]: 00000000 00000000 00000000 00000000 00000000 00000000 00000000 00000000
[91110654] GA viisp:stock-opening-5 GCMD[2696]: 00000000 00000000 00000000 00000000 00000000 00000000 00000000 00000000
[91110654] GA viisp:stock-opening-5 GCMD[2704]: 00000000 00000000 00000000 00000000 00000000 00000000 00000000 00000000
[91110654] GA viisp:stock-opening-5 GCMD[2712]: 00000000 00000000 00000000 00000000 00000000 00000000 00000000 00000000
[91110654] GA viisp:stock-opening-5 GCMD[2720]: 00000000 00000000 00000000 00000000 00000000 00000000 00000000 00000000
[91110654] GA viisp:stock-opening-5 GCMD[2728]: 00000000 00000000 00000000 00000000 00000000 00000000 00000000 00000000
[91110654] GA viisp:stock-opening-5 GCMD[2736]: 00000000 00000000 00000000 00000000 00000000 00000000 00000000 00000000
[91110654] GA viisp:stock-opening-5 GCMD[2744]: 00000000 00000000 00000000 00000000 00000000 00000000 00000000 00000000
[91110654] GA viisp:stock-opening-5 GCMD[2752]: 00000000 00000000 00000000 00000000 00000000 00000000 00000000 00000000
[91110654] GA viisp:stock-opening-5 GCMD[2760]: 00000000 00000000 00000000 00000000 00000000 00000000 00000000 00000000
[91110654] GA viisp:stock-opening-5 GCMD[2768]: 00000000 00000000 00000000 00000000 00000000 00000000 00000000 00000000
[91110654] GA viisp:stock-opening-5 GCMD[2776]: 00000000 00000000 00000000 00000000 00000000 00000000 00000000 00000000
[91110654] GA viisp:stock-opening-5 GCMD[2784]: 00000000 00000000 00000000 00000000 00000000 00000000 00000000 00000000
[91110654] GA viisp:stock-opening-5 GCMD[2792]: 00000000 00000000 00000000 00000000 00000000 00000000 00000000 00000000
[91110654] GA viisp:stock-opening-5 GCMD[2800]: 00000000 00000000 00000000 00000000 00000000 00000000 00000000 00000000
[91110654] GA viisp:stock-opening-5 GCMD[2808]: 00000000 00000000 00000000 00000000 00000000 00000000 00000000 00000000
[91110654] GA viisp:stock-opening-5 GCMD[2816]: 00000000 00000000 00000000 00000000 00000000 00000000 00000000 00000000
[91110654] GA viisp:stock-opening-5 GCMD[2824]: 00000000 00000000 00000000 00000000 00000000 00000000 00000000 00000000
[91110654] GA viisp:stock-opening-5 GCMD[2832]: 00000000 00000000 00000000 00000000 00000000 00000000 00000000 00000000
[91110654] GA viisp:stock-opening-5 GCMD[2840]: 00000000 00000000 00000000 00000000 00000000 00000000 00000000 00000000
[91110654] GA viisp:stock-opening-5 GCMD[2848]: 00000000 00000000 00000000 16530001 00000000 26540101 00000000 00000000
[91110654] GA viisp:stock-opening-5 GCMD[2856]: 00000000 00000000 00000000 00000000 00000000 00000000 00000000 00000000
[91110654] GA viisp:stock-opening-5 GCMD[2864]: 00000000 00000000 00000000 00000000 00000000 00000000 00000000 00000000
[91110654] GA viisp:stock-opening-5 GCMD[2872]: 00000000 00000000 00000000 00000000 00000000 00000000 00000000 00000000
[91110654] GA viisp:stock-opening-5 GCMD[2880]: 00000000 00000000 00000000 00000000 00000000 00000000 00000000 00000000
[91110654] GA viisp:stock-opening-5 GCMD[2888]: 00000000 00000000 00000000 00000000 00000000 00000000 00000000 00000000
[91110654] GA viisp:stock-opening-5 GCMD[2896]: 00000000 00000000 00000000 00000000 00000000 00000000 00000000 00000000
[91110654] GA viisp:stock-opening-5 GCMD[2904]: 00000000 00000000 00000000 00000000 00000000 00000000 00000000 00000000
[91110654] GA viisp:stock-opening-5 GCMD[2912]: 00000000 00000000 00000000 00000000 00000000 00000000 00000000 00000000
[91110654] GA viisp:stock-opening-5 GCMD[2920]: 00000000 00000000 00000000 00000000 00000000 00000000 00000000 00000000
[91110654] GA viisp:stock-opening-5 GCMD[2928]: 00000000 00000000 00000000 00000000 00000000 00000000 00000000 00000000
[91110654] GA viisp:stock-opening-5 GCMD[2936]: 00000000 00000000 00000000 00000000 00000000 00000000 00000000 00000000
[91110654] GA viisp:stock-opening-5 GCMD[2944]: 00000000 00000000 00000000 00000000 00000000 00000000 00000000 00000000
[91110654] GA viisp:stock-opening-5 GCMD[2952]: 00000000 00000000 00000000 00000000 00000000 00000000 00000000 00000000
[91110654] GA viisp:stock-opening-5 GCMD[2960]: 00000000 00000000 00000000 00000000 00000000 00000000 00000000 00000000
[91110654] GA viisp:stock-opening-5 GCMD[2968]: 00000000 00000000 00000000 00000000 00000000 00000000 00000000 00000000
[91110654] GA viisp:stock-opening-5 GCMD[2976]: 00000000 00000000 00000000 00000000 00000000 00000000 00000000 00000000
[91110654] GA viisp:stock-opening-5 GCMD[2984]: 00000000 00000000 00000000 00000000 00000000 00000000 00000000 00000000
[91110654] GA viisp:stock-opening-5 GCMD[2992]: 00000000 00000000 00000000 00000000 00000000 00000000 00000000 00000000
[91110654] GA viisp:stock-opening-5 GCMD[3000]: 00000000 00000000 00000000 00000000 00000000 00000000 00000000 00000000
[91110654] GA viisp:stock-opening-5 GCMD[3008]: 00000000 00000000 00000000 00000000 00000000 00000000 00000000 00000000
[91110654] GA viisp:stock-opening-5 GCMD[3016]: 00000000 00000000 00000000 00000000 00000000 00000000 00000000 00000000
[91110654] GA viisp:stock-opening-5 GCMD[3024]: 00000000 00000000 00000000 00000000 00000000 00000000 00000000 00000000
[91110654] GA viisp:stock-opening-5 GCMD[3032]: 00000000 00000000 00000000 00000000 00000000 00000000 00000000 00000000
[91110654] GA viisp:stock-opening-5 GCMD[3040]: 00000000 00000000 00000000 00000000 00000000 00000000 00000000 00000000
[91110654] GA viisp:stock-opening-5 GCMD[3048]: 00000000 00000000 00000000 00000000 00000000 00000000 00000000 00000000
[91110654] GA viisp:stock-opening-5 GCMD[3056]: 00000000 00000000 00000000 00000000 00000000 00000000 00000000 00000000
[91110654] GA viisp:stock-opening-5 GCMD[3064]: 00000000 00000000 00000000 00000000 00000000 00000000 00000000 00000000
[91110654] GA viisp:stock-opening-5 GCMD[3072]: 00000000 00000000 00000000 00000000 00000000 00000000 00000000 00000000
[91110654] GA viisp:stock-opening-5 GCMD[3080]: 00000000 00000000 00000000 00000000 00000000 00000000 00000000 00000000
[91110654] GA viisp:stock-opening-5 GCMD[3088]: 00000000 00000000 00000000 00000000 00000000 00000000 00000000 00000000
[91110654] GA viisp:stock-opening-5 GCMD[3096]: 00000000 00000000 00000000 00000000 00000000 00000000 00000000 00000000
[91110654] GA viisp:stock-opening-5 GCMD[3104]: 00000000 00000000 00000000 00000000 00000000 00000000 00000000 16550001
[91110654] GA viisp:stock-opening-5 GCMD[3112]: 00000000 26560101 00000000 00000000 00000000 00000000 00000000 00000000
[91110654] GA viisp:stock-opening-5 GCMD[3120]: 00000000 00000000 00000000 00000000 00000000 00000000 00000000 00000000
[91110654] GA viisp:stock-opening-5 GCMD[3128]: 00000000 00000000 00000000 00000000 00000000 00000000 00000000 00000000
[91110654] GA viisp:stock-opening-5 GCMD[3136]: 00000000 00000000 00000000 00000000 00000000 00000000 00000000 00000000
[91110654] GA viisp:stock-opening-5 GCMD[3144]: 00000000 00000000 00000000 00000000 00000000 00000000 00000000 00000000
[91110654] GA viisp:stock-opening-5 GCMD[3152]: 00000000 00000000 00000000 00000000 00000000 00000000 00000000 00000000
[91110654] GA viisp:stock-opening-5 GCMD[3160]: 00000000 00000000 00000000 00000000 00000000 00000000 00000000 00000000
[91110654] GA viisp:stock-opening-5 GCMD[3168]: 00000000 00000000 00000000 00000000 00000000 00000000 00000000 00000000
[91110654] GA viisp:stock-opening-5 GCMD[3176]: 00000000 00000000 00000000 00000000 00000000 00000000 00000000 00000000
[91110654] GA viisp:stock-opening-5 GCMD[3184]: 00000000 00000000 00000000 00000000 00000000 00000000 00000000 00000000
[91110654] GA viisp:stock-opening-5 GCMD[3192]: 00000000 00000000 00000000 00000000 00000000 00000000 00000000 00000000
[91110654] GA viisp:stock-opening-5 GCMD[3200]: 00000000 00000000 00000000 00000000 00000000 00000000 00000000 00000000
[91110654] GA viisp:stock-opening-5 GCMD[3208]: 00000000 00000000 00000000 00000000 00000000 00000000 00000000 00000000
[91110654] GA viisp:stock-opening-5 GCMD[3216]: 00000000 00000000 00000000 00000000 00000000 00000000 00000000 00000000
[91110654] GA viisp:stock-opening-5 GCMD[3224]: 00000000 00000000 00000000 00000000 00000000 00000000 00000000 00000000
[91110654] GA viisp:stock-opening-5 GCMD[3232]: 00000000 00000000 00000000 00000000 00000000 00000000 00000000 00000000
[91110654] GA viisp:stock-opening-5 GCMD[3240]: 00000000 00000000 00000000 00000000 00000000 00000000 00000000 00000000
[91110654] GA viisp:stock-opening-5 GCMD[3248]: 00000000 00000000 00000000 00000000 00000000 00000000 00000000 00000000
[91110654] GA viisp:stock-opening-5 GCMD[3256]: 00000000 00000000 00000000 00000000 00000000 00000000 00000000 00000000
[91110654] GA viisp:stock-opening-5 GCMD[3264]: 00000000 00000000 00000000 00000000 00000000 00000000 00000000 00000000
[91110654] GA viisp:stock-opening-5 GCMD[3272]: 00000000 00000000 00000000 00000000 00000000 00000000 00000000 00000000
[91110654] GA viisp:stock-opening-5 GCMD[3280]: 00000000 00000000 00000000 00000000 00000000 00000000 00000000 00000000
[91110654] GA viisp:stock-opening-5 GCMD[3288]: 00000000 00000000 00000000 00000000 00000000 00000000 00000000 00000000
[91110654] GA viisp:stock-opening-5 GCMD[3296]: 00000000 00000000 00000000 00000000 00000000 00000000 00000000 00000000
[91110654] GA viisp:stock-opening-5 GCMD[3304]: 00000000 00000000 00000000 00000000 00000000 00000000 00000000 00000000
[91110654] GA viisp:stock-opening-5 GCMD[3312]: 00000000 00000000 00000000 00000000 00000000 00000000 00000000 00000000
[91110654] GA viisp:stock-opening-5 GCMD[3320]: 00000000 00000000 00000000 00000000 00000000 00000000 00000000 00000000
[91110654] GA viisp:stock-opening-5 GCMD[3328]: 00000000 00000000 00000000 00000000 00000000 00000000 00000000 00000000
[91110654] GA viisp:stock-opening-5 GCMD[3336]: 00000000 00000000 00000000 00000000 00000000 00000000 00000000 00000000
[91110654] GA viisp:stock-opening-5 GCMD[3344]: 00000000 00000000 00000000 00000000 00000000 00000000 00000000 00000000
[91110654] GA viisp:stock-opening-5 GCMD[3352]: 00000000 00000000 00000000 00000000 00000000 00000000 00000000 00000000
[91110654] GA viisp:stock-opening-5 GCMD[3360]: 00000000 00000000 00000000 00000000 00000000 00000000 00000000 00000000
[91110654] GA viisp:stock-opening-5 GCMD[3368]: 00000000 00000000 00000000 16570001 00000000 26580101 00000000 00000000
[91110654] GA viisp:stock-opening-5 GCMD[3376]: 00000000 00000000 00000000 00000000 00000000 00000000 00000000 00000000
[91110654] GA viisp:stock-opening-5 GCMD[3384]: 00000000 00000000 00000000 00000000 00000000 00000000 00000000 00000000
[91110654] GA viisp:stock-opening-5 GCMD[3392]: 00000000 00000000 00000000 00000000 00000000 00000000 00000000 00000000
[91110654] GA viisp:stock-opening-5 GCMD[3400]: 00000000 00000000 00000000 00000000 00000000 00000000 00000000 00000000
[91110654] GA viisp:stock-opening-5 GCMD[3408]: 00000000 00000000 00000000 00000000 00000000 00000000 00000000 00000000
[91110654] GA viisp:stock-opening-5 GCMD[3416]: 00000000 00000000 00000000 00000000 00000000 00000000 00000000 00000000
[91110654] GA viisp:stock-opening-5 GCMD[3424]: 00000000 00000000 00000000 00000000 00000000 00000000 00000000 00000000
[91110654] GA viisp:stock-opening-5 GCMD[3432]: 00000000 00000000 00000000 00000000 00000000 00000000 00000000 00000000
[91110654] GA viisp:stock-opening-5 GCMD[3440]: 00000000 00000000 00000000 00000000 00000000 00000000 00000000 00000000
[91110654] GA viisp:stock-opening-5 GCMD[3448]: 00000000 00000000 00000000 00000000 00000000 00000000 00000000 00000000
[91110654] GA viisp:stock-opening-5 GCMD[3456]: 00000000 00000000 00000000 00000000 00000000 00000000 00000000 00000000
[91110654] GA viisp:stock-opening-5 GCMD[3464]: 00000000 00000000 00000000 00000000 00000000 00000000 00000000 00000000
[91110654] GA viisp:stock-opening-5 GCMD[3472]: 00000000 00000000 00000000 00000000 00000000 00000000 00000000 00000000
[91110654] GA viisp:stock-opening-5 GCMD[3480]: 00000000 00000000 00000000 00000000 00000000 00000000 00000000 00000000
[91110654] GA viisp:stock-opening-5 GCMD[3488]: 00000000 00000000 00000000 00000000 00000000 00000000 00000000 00000000
[91110654] GA viisp:stock-opening-5 GCMD[3496]: 00000000 00000000 00000000 00000000 00000000 00000000 00000000 00000000
[91110654] GA viisp:stock-opening-5 GCMD[3504]: 00000000 00000000 00000000 00000000 00000000 00000000 00000000 00000000
[91110654] GA viisp:stock-opening-5 GCMD[3512]: 00000000 00000000 00000000 00000000 00000000 00000000 00000000 00000000
[91110654] GA viisp:stock-opening-5 GCMD[3520]: 00000000 00000000 00000000 00000000 00000000 00000000 00000000 00000000
[91110654] GA viisp:stock-opening-5 GCMD[3528]: 00000000 00000000 00000000 00000000 00000000 00000000 00000000 00000000
[91110654] GA viisp:stock-opening-5 GCMD[3536]: 00000000 00000000 00000000 00000000 00000000 00000000 00000000 00000000
[91110654] GA viisp:stock-opening-5 GCMD[3544]: 00000000 00000000 00000000 00000000 00000000 00000000 00000000 00000000
[91110654] GA viisp:stock-opening-5 GCMD[3552]: 00000000 00000000 00000000 00000000 00000000 00000000 00000000 00000000
[91110654] GA viisp:stock-opening-5 GCMD[3560]: 00000000 00000000 00000000 00000000 00000000 00000000 00000000 00000000
[91110654] GA viisp:stock-opening-5 GCMD[3568]: 00000000 00000000 00000000 00000000 00000000 00000000 00000000 00000000
[91110654] GA viisp:stock-opening-5 GCMD[3576]: 00000000 00000000 00000000 00000000 00000000 00000000 00000000 00000000
[91110654] GA viisp:stock-opening-5 GCMD[3584]: 00000000 00000000 00000000 00000000 00000000 00000000 00000000 00000000
[91110654] GA viisp:stock-opening-5 GCMD[3592]: 00000000 00000000 00000000 00000000 00000000 00000000 00000000 00000000
[91110654] GA viisp:stock-opening-5 GCMD[3600]: 00000000 00000000 00000000 00000000 00000000 00000000 00000000 00000000
[91110654] GA viisp:stock-opening-5 GCMD[3608]: 00000000 00000000 00000000 00000000 00000000 00000000 00000000 00000000
[91110654] GA viisp:stock-opening-5 GCMD[3616]: 00000000 00000000 00000000 00000000 00000000 00000000 00000000 00000000
[91110654] GA viisp:stock-opening-5 GCMD[3624]: 00000000 00000000 00000000 00000000 00000000 00000000 00000000 13000004
[91110654] GA viisp:stock-opening-5 GCMD[3632]: 00000000 00000000 00000000 00000000 13040004 00000000 00000000 00000000
[91110654] GA viisp:stock-opening-5 GCMD[3640]: 00000000 10530002 00000000 00000000 00000d00 200c0001 0000000f 00000d00
[91110654] GA viisp:stock-opening-5 GCMD[3648]: 10180005 0a00500a 00008089 013645cb 000001e7 00000001 40000026
[91114991] SB viisp:stock-opening-6 words=1818
[91114991] GA viisp:stock-opening-6 GCMD[0]: 00000d00 12020003 00000000 00000000 00000000 12000002 00000000 00000000
[91114991] GA viisp:stock-opening-6 GCMD[8]: 12050004 00000000 00000000 00000000 00000000 17000010 00000000 00000000
[91114991] GA viisp:stock-opening-6 GCMD[16]: 00000000 00000000 00000000 00000000 00000000 00000000 00000000 00000000
[91114991] GA viisp:stock-opening-6 GCMD[24]: 00000000 00000000 00000000 00000000 00000000 00000000 17500010 00000000
[91114991] GA viisp:stock-opening-6 GCMD[32]: 00000000 00000000 00000000 00000000 00000000 00000000 00000000 00000000
[91114991] GA viisp:stock-opening-6 GCMD[40]: 00000000 00000000 00000000 00000000 00000000 00000000 00000000 1d00000a
[91114991] GA viisp:stock-opening-6 GCMD[48]: 00000000 00000000 00000000 00000000 00000000 00000000 00000000 00000000
[91114991] GA viisp:stock-opening-6 GCMD[56]: 00000000 00000000 1d0a0001 00000000 2d0b01e0 00000000 00000000 00000000
[91114991] GA viisp:stock-opening-6 GCMD[64]: 00000000 00000000 00000000 00000000 00000000 00000000 00000000 00000000
[91114991] GA viisp:stock-opening-6 GCMD[72]: 00000000 00000000 00000000 00000000 00000000 00000000 00000000 00000000
[91114991] GA viisp:stock-opening-6 GCMD[80]: 00000000 00000000 00000000 00000000 00000000 00000000 00000000 00000000
[91114991] GA viisp:stock-opening-6 GCMD[88]: 00000000 00000000 00000000 00000000 00000000 00000000 00000000 00000000
[91114991] GA viisp:stock-opening-6 GCMD[96]: 00000000 00000000 00000000 00000000 00000000 00000000 00000000 00000000
[91114991] GA viisp:stock-opening-6 GCMD[104]: 00000000 00000000 00000000 00000000 00000000 00000000 00000000 00000000
[91114991] GA viisp:stock-opening-6 GCMD[112]: 00000000 00000000 00000000 00000000 00000000 00000000 00000000 00000000
[91114991] GA viisp:stock-opening-6 GCMD[120]: 00000000 00000000 00000000 00000000 00000000 00000000 00000000 00000000
[91114991] GA viisp:stock-opening-6 GCMD[128]: 00000000 00000000 00000000 00000000 00000000 00000000 00000000 00000000
[91114991] GA viisp:stock-opening-6 GCMD[136]: 00000000 00000000 00000000 00000000 00000000 00000000 00000000 00000000
[91114991] GA viisp:stock-opening-6 GCMD[144]: 00000000 00000000 00000000 00000000 00000000 00000000 00000000 00000000
[91114991] GA viisp:stock-opening-6 GCMD[152]: 00000000 00000000 00000000 00000000 00000000 00000000 00000000 00000000
[91114991] GA viisp:stock-opening-6 GCMD[160]: 00000000 00000000 00000000 00000000 00000000 00000000 00000000 00000000
[91114991] GA viisp:stock-opening-6 GCMD[168]: 00000000 00000000 00000000 00000000 00000000 00000000 00000000 00000000
[91114991] GA viisp:stock-opening-6 GCMD[176]: 00000000 00000000 00000000 00000000 00000000 00000000 00000000 00000000
[91114991] GA viisp:stock-opening-6 GCMD[184]: 00000000 00000000 00000000 00000000 00000000 00000000 00000000 00000000
[91114991] GA viisp:stock-opening-6 GCMD[192]: 00000000 00000000 00000000 00000000 00000000 00000000 00000000 00000000
[91114991] GA viisp:stock-opening-6 GCMD[200]: 00000000 00000000 00000000 00000000 00000000 00000000 00000000 00000000
[91114991] GA viisp:stock-opening-6 GCMD[208]: 00000000 00000000 00000000 00000000 00000000 00000000 00000000 00000000
[91114991] GA viisp:stock-opening-6 GCMD[216]: 00000000 00000000 00000000 00000000 00000000 00000000 00000000 00000000
[91114991] GA viisp:stock-opening-6 GCMD[224]: 00000000 00000000 00000000 00000000 00000000 00000000 00000000 00000000
[91114991] GA viisp:stock-opening-6 GCMD[232]: 00000000 00000000 00000000 00000000 00000000 00000000 00000000 00000000
[91114991] GA viisp:stock-opening-6 GCMD[240]: 00000000 00000000 00000000 00000000 00000000 00000000 00000000 00000000
[91114991] GA viisp:stock-opening-6 GCMD[248]: 00000000 00000000 00000000 00000000 00000000 00000000 00000000 00000000
[91114991] GA viisp:stock-opening-6 GCMD[256]: 00000000 00000000 00000000 00000000 00000000 00000000 00000000 00000000
[91114991] GA viisp:stock-opening-6 GCMD[264]: 00000000 00000000 00000000 00000000 00000000 00000000 00000000 00000000
[91114991] GA viisp:stock-opening-6 GCMD[272]: 00000000 00000000 00000000 00000000 00000000 00000000 00000000 00000000
[91114991] GA viisp:stock-opening-6 GCMD[280]: 00000000 00000000 00000000 00000000 00000000 00000000 00000000 00000000
[91114991] GA viisp:stock-opening-6 GCMD[288]: 00000000 00000000 00000000 00000000 00000000 00000000 00000000 00000000
[91114991] GA viisp:stock-opening-6 GCMD[296]: 00000000 00000000 00000000 00000000 00000000 00000000 00000000 00000000
[91114991] GA viisp:stock-opening-6 GCMD[304]: 00000000 00000000 00000000 00000000 00000000 00000000 00000000 00000000
[91114991] GA viisp:stock-opening-6 GCMD[312]: 00000000 00000000 00000000 00000000 00000000 00000000 00000000 00000000
[91114991] GA viisp:stock-opening-6 GCMD[320]: 00000000 00000000 00000000 00000000 00000000 00000000 00000000 00000000
[91114991] GA viisp:stock-opening-6 GCMD[328]: 00000000 00000000 00000000 00000000 00000000 00000000 00000000 00000000
[91114991] GA viisp:stock-opening-6 GCMD[336]: 00000000 00000000 00000000 00000000 00000000 00000000 00000000 00000000
[91114991] GA viisp:stock-opening-6 GCMD[344]: 00000000 00000000 00000000 00000000 00000000 00000000 00000000 00000000
[91114991] GA viisp:stock-opening-6 GCMD[352]: 00000000 00000000 00000000 00000000 00000000 00000000 00000000 00000000
[91114991] GA viisp:stock-opening-6 GCMD[360]: 00000000 00000000 00000000 00000000 00000000 00000000 00000000 00000000
[91114991] GA viisp:stock-opening-6 GCMD[368]: 00000000 00000000 00000000 00000000 00000000 00000000 00000000 00000000
[91114991] GA viisp:stock-opening-6 GCMD[376]: 00000000 00000000 00000000 00000000 00000000 00000000 00000000 00000000
[91114991] GA viisp:stock-opening-6 GCMD[384]: 00000000 00000000 00000000 00000000 00000000 00000000 00000000 00000000
[91114991] GA viisp:stock-opening-6 GCMD[392]: 00000000 00000000 00000000 00000000 00000000 00000000 00000000 00000000
[91114991] GA viisp:stock-opening-6 GCMD[400]: 00000000 00000000 00000000 00000000 00000000 00000000 00000000 00000000
[91114991] GA viisp:stock-opening-6 GCMD[408]: 00000000 00000000 00000000 00000000 00000000 00000000 00000000 00000000
[91114991] GA viisp:stock-opening-6 GCMD[416]: 00000000 00000000 00000000 00000000 00000000 00000000 00000000 00000000
[91114991] GA viisp:stock-opening-6 GCMD[424]: 00000000 00000000 00000000 00000000 00000000 00000000 00000000 00000000
[91114991] GA viisp:stock-opening-6 GCMD[432]: 00000000 00000000 00000000 00000000 00000000 00000000 00000000 00000000
[91114991] GA viisp:stock-opening-6 GCMD[440]: 00000000 00000000 00000000 00000000 00000000 00000000 00000000 00000000
[91114991] GA viisp:stock-opening-6 GCMD[448]: 00000000 00000000 00000000 00000000 00000000 00000000 00000000 00000000
[91114991] GA viisp:stock-opening-6 GCMD[456]: 00000000 00000000 00000000 00000000 00000000 00000000 00000000 00000000
[91114991] GA viisp:stock-opening-6 GCMD[464]: 00000000 00000000 00000000 00000000 00000000 00000000 00000000 00000000
[91114991] GA viisp:stock-opening-6 GCMD[472]: 00000000 00000000 00000000 00000000 00000000 00000000 00000000 00000000
[91114991] GA viisp:stock-opening-6 GCMD[480]: 00000000 00000000 00000000 00000000 00000000 00000000 00000000 00000000
[91114991] GA viisp:stock-opening-6 GCMD[488]: 00000000 00000000 00000000 00000000 00000000 00000000 00000000 00000000
[91114991] GA viisp:stock-opening-6 GCMD[496]: 00000000 00000000 00000000 00000000 00000000 00000000 00000000 00000000
[91114991] GA viisp:stock-opening-6 GCMD[504]: 00000000 00000000 00000000 00000000 00000000 00000000 00000000 00000000
[91114991] GA viisp:stock-opening-6 GCMD[512]: 00000000 00000000 00000000 00000000 00000000 00000000 00000000 00000000
[91114991] GA viisp:stock-opening-6 GCMD[520]: 00000000 00000000 00000000 00000000 00000000 00000000 00000000 00000000
[91114991] GA viisp:stock-opening-6 GCMD[528]: 00000000 00000000 00000000 00000000 00000000 00000000 00000000 00000000
[91114991] GA viisp:stock-opening-6 GCMD[536]: 00000000 00000000 00000000 00000000 00000000 1d0c0002 00000000 00000000
[91114991] GA viisp:stock-opening-6 GCMD[544]: 1d200006 00000000 00000000 00000000 00000000 00000000 00000000 19000002
[91114991] GA viisp:stock-opening-6 GCMD[552]: 00000000 00000000 19020001 00000000 29030040 00000000 00000000 00000000
[91114991] GA viisp:stock-opening-6 GCMD[560]: 00000000 00000000 00000000 00000000 00000000 00000000 00000000 00000000
[91114991] GA viisp:stock-opening-6 GCMD[568]: 00000000 00000000 00000000 00000000 00000000 00000000 00000000 00000000
[91114991] GA viisp:stock-opening-6 GCMD[576]: 00000000 00000000 00000000 00000000 00000000 00000000 00000000 00000000
[91114991] GA viisp:stock-opening-6 GCMD[584]: 00000000 00000000 00000000 00000000 00000000 00000000 00000000 00000000
[91114991] GA viisp:stock-opening-6 GCMD[592]: 00000000 00000000 00000000 00000000 00000000 00000000 00000000 00000000
[91114991] GA viisp:stock-opening-6 GCMD[600]: 00000000 00000000 00000000 00000000 00000000 00000000 00000000 00000000
[91114991] GA viisp:stock-opening-6 GCMD[608]: 00000000 00000000 00000000 00000000 00000000 00000000 00000000 00000000
[91114991] GA viisp:stock-opening-6 GCMD[616]: 00000000 00000000 00000000 00000000 00000000 19040002 00000000 00000000
[91114991] GA viisp:stock-opening-6 GCMD[624]: 19060001 00000000 29070024 00000000 00000000 00000000 00000000 00000000
[91114991] GA viisp:stock-opening-6 GCMD[632]: 00000000 00000000 00000000 00000000 00000000 00000000 00000000 00000000
[91114991] GA viisp:stock-opening-6 GCMD[640]: 00000000 00000000 00000000 00000000 00000000 00000000 00000000 00000000
[91114991] GA viisp:stock-opening-6 GCMD[648]: 00000000 00000000 00000000 00000000 00000000 00000000 00000000 00000000
[91114991] GA viisp:stock-opening-6 GCMD[656]: 00000000 00000000 00000000 00000000 00000000 00000000 00000000 19080001
[91114991] GA viisp:stock-opening-6 GCMD[664]: 00000000 1920000a 00000000 00000000 00000000 00000000 00000000 00000000
[91114991] GA viisp:stock-opening-6 GCMD[672]: 00000000 00000000 00000000 00000000 19090007 00000000 00000000 00000000
[91114991] GA viisp:stock-opening-6 GCMD[680]: 00000000 00000000 00000000 00000000 19100009 00000000 00000000 00000000
[91114991] GA viisp:stock-opening-6 GCMD[688]: 00000000 00000000 00000000 00000000 00000000 00000000 19190001 00000000
[91114991] GA viisp:stock-opening-6 GCMD[696]: 291a0009 00000000 00000000 00000000 00000000 00000000 00000000 00000000
[91114991] GA viisp:stock-opening-6 GCMD[704]: 00000000 00000200 191b0001 00000000 291c0009 00000000 00000000 00000000
[91114991] GA viisp:stock-opening-6 GCMD[712]: 00000000 00000000 00000000 00000000 00000000 00000000 191d0001 00000000
[91114991] GA viisp:stock-opening-6 GCMD[720]: 291e0009 00000000 00000000 00000000 00000000 00000000 00000000 00000000
[91114991] GA viisp:stock-opening-6 GCMD[728]: 00000000 00000000 191f0001 00000002 15060009 00000000 00000000 00000000
[91114991] GA viisp:stock-opening-6 GCMD[736]: 00000000 00000000 00000000 00000000 00000000 00000000 16000010 00000000
[91114991] GA viisp:stock-opening-6 GCMD[744]: 00000000 00000000 00000000 00000000 00000000 00000000 00000000 00000000
[91114991] GA viisp:stock-opening-6 GCMD[752]: 00000000 00000000 00000000 00000000 00000000 00000000 00000000 16500001
[91114991] GA viisp:stock-opening-6 GCMD[760]: 00000000 16510001 00000000 26520101 00000000 00000000 00000000 00000000
[91114991] GA viisp:stock-opening-6 GCMD[768]: 00000000 00000000 00000000 00000000 00000000 00000000 00000000 00000000
[91114991] GA viisp:stock-opening-6 GCMD[776]: 00000000 00000000 00000000 00000000 00000000 00000000 00000000 00000000
[91114991] GA viisp:stock-opening-6 GCMD[784]: 00000000 00000000 00000000 00000000 00000000 00000000 00000000 00000000
[91114991] GA viisp:stock-opening-6 GCMD[792]: 00000000 00000000 00000000 00000000 00000000 00000000 00000000 00000000
[91114991] GA viisp:stock-opening-6 GCMD[800]: 00000000 00000000 00000000 00000000 00000000 00000000 00000000 00000000
[91114991] GA viisp:stock-opening-6 GCMD[808]: 00000000 00000000 00000000 00000000 00000000 00000000 00000000 00000000
[91114991] GA viisp:stock-opening-6 GCMD[816]: 00000000 00000000 00000000 00000000 00000000 00000000 00000000 00000000
[91114991] GA viisp:stock-opening-6 GCMD[824]: 00000000 00000000 00000000 00000000 00000000 00000000 00000000 00000000
[91114991] GA viisp:stock-opening-6 GCMD[832]: 00000000 00000000 00000000 00000000 00000000 00000000 00000000 00000000
[91114991] GA viisp:stock-opening-6 GCMD[840]: 00000000 00000000 00000000 00000000 00000000 00000000 00000000 00000000
[91114991] GA viisp:stock-opening-6 GCMD[848]: 00000000 00000000 00000000 00000000 00000000 00000000 00000000 00000000
[91114991] GA viisp:stock-opening-6 GCMD[856]: 00000000 00000000 00000000 00000000 00000000 00000000 00000000 00000000
[91114991] GA viisp:stock-opening-6 GCMD[864]: 00000000 00000000 00000000 00000000 00000000 00000000 00000000 00000000
[91114991] GA viisp:stock-opening-6 GCMD[872]: 00000000 00000000 00000000 00000000 00000000 00000000 00000000 00000000
[91114991] GA viisp:stock-opening-6 GCMD[880]: 00000000 00000000 00000000 00000000 00000000 00000000 00000000 00000000
[91114991] GA viisp:stock-opening-6 GCMD[888]: 00000000 00000000 00000000 00000000 00000000 00000000 00000000 00000000
[91114991] GA viisp:stock-opening-6 GCMD[896]: 00000000 00000000 00000000 00000000 00000000 00000000 00000000 00000000
[91114991] GA viisp:stock-opening-6 GCMD[904]: 00000000 00000000 00000000 00000000 00000000 00000000 00000000 00000000
[91114991] GA viisp:stock-opening-6 GCMD[912]: 00000000 00000000 00000000 00000000 00000000 00000000 00000000 00000000
[91114991] GA viisp:stock-opening-6 GCMD[920]: 00000000 00000000 00000000 00000000 00000000 00000000 00000000 00000000
[91114991] GA viisp:stock-opening-6 GCMD[928]: 00000000 00000000 00000000 00000000 00000000 00000000 00000000 00000000
[91114991] GA viisp:stock-opening-6 GCMD[936]: 00000000 00000000 00000000 00000000 00000000 00000000 00000000 00000000
[91114991] GA viisp:stock-opening-6 GCMD[944]: 00000000 00000000 00000000 00000000 00000000 00000000 00000000 00000000
[91114991] GA viisp:stock-opening-6 GCMD[952]: 00000000 00000000 00000000 00000000 00000000 00000000 00000000 00000000
[91114991] GA viisp:stock-opening-6 GCMD[960]: 00000000 00000000 00000000 00000000 00000000 00000000 00000000 00000000
[91114991] GA viisp:stock-opening-6 GCMD[968]: 00000000 00000000 00000000 00000000 00000000 00000000 00000000 00000000
[91114991] GA viisp:stock-opening-6 GCMD[976]: 00000000 00000000 00000000 00000000 00000000 00000000 00000000 00000000
[91114991] GA viisp:stock-opening-6 GCMD[984]: 00000000 00000000 00000000 00000000 00000000 00000000 00000000 00000000
[91114991] GA viisp:stock-opening-6 GCMD[992]: 00000000 00000000 00000000 00000000 00000000 00000000 00000000 00000000
[91114991] GA viisp:stock-opening-6 GCMD[1000]: 00000000 00000000 00000000 00000000 00000000 00000000 00000000 00000000
[91114991] GA viisp:stock-opening-6 GCMD[1008]: 00000000 00000000 00000000 00000000 00000000 00000000 00000000 00000000
[91114991] GA viisp:stock-opening-6 GCMD[1016]: 00000000 00000000 00000000 00000000 00000000 16530001 00000000 26540101
[91114991] GA viisp:stock-opening-6 GCMD[1024]: 00000000 00000000 00000000 00000000 00000000 00000000 00000000 00000000
[91114991] GA viisp:stock-opening-6 GCMD[1032]: 00000000 00000000 00000000 00000000 00000000 00000000 00000000 00000000
[91114991] GA viisp:stock-opening-6 GCMD[1040]: 00000000 00000000 00000000 00000000 00000000 00000000 00000000 00000000
[91114991] GA viisp:stock-opening-6 GCMD[1048]: 00000000 00000000 00000000 00000000 00000000 00000000 00000000 00000000
[91114991] GA viisp:stock-opening-6 GCMD[1056]: 00000000 00000000 00000000 00000000 00000000 00000000 00000000 00000000
[91114991] GA viisp:stock-opening-6 GCMD[1064]: 00000000 00000000 00000000 00000000 00000000 00000000 00000000 00000000
[91114991] GA viisp:stock-opening-6 GCMD[1072]: 00000000 00000000 00000000 00000000 00000000 00000000 00000000 00000000
[91114991] GA viisp:stock-opening-6 GCMD[1080]: 00000000 00000000 00000000 00000000 00000000 00000000 00000000 00000000
[91114991] GA viisp:stock-opening-6 GCMD[1088]: 00000000 00000000 00000000 00000000 00000000 00000000 00000000 00000000
[91114991] GA viisp:stock-opening-6 GCMD[1096]: 00000000 00000000 00000000 00000000 00000000 00000000 00000000 00000000
[91114991] GA viisp:stock-opening-6 GCMD[1104]: 00000000 00000000 00000000 00000000 00000000 00000000 00000000 00000000
[91114991] GA viisp:stock-opening-6 GCMD[1112]: 00000000 00000000 00000000 00000000 00000000 00000000 00000000 00000000
[91114991] GA viisp:stock-opening-6 GCMD[1120]: 00000000 00000000 00000000 00000000 00000000 00000000 00000000 00000000
[91114991] GA viisp:stock-opening-6 GCMD[1128]: 00000000 00000000 00000000 00000000 00000000 00000000 00000000 00000000
[91114991] GA viisp:stock-opening-6 GCMD[1136]: 00000000 00000000 00000000 00000000 00000000 00000000 00000000 00000000
[91114991] GA viisp:stock-opening-6 GCMD[1144]: 00000000 00000000 00000000 00000000 00000000 00000000 00000000 00000000
[91114991] GA viisp:stock-opening-6 GCMD[1152]: 00000000 00000000 00000000 00000000 00000000 00000000 00000000 00000000
[91114991] GA viisp:stock-opening-6 GCMD[1160]: 00000000 00000000 00000000 00000000 00000000 00000000 00000000 00000000
[91114991] GA viisp:stock-opening-6 GCMD[1168]: 00000000 00000000 00000000 00000000 00000000 00000000 00000000 00000000
[91114991] GA viisp:stock-opening-6 GCMD[1176]: 00000000 00000000 00000000 00000000 00000000 00000000 00000000 00000000
[91114991] GA viisp:stock-opening-6 GCMD[1184]: 00000000 00000000 00000000 00000000 00000000 00000000 00000000 00000000
[91114991] GA viisp:stock-opening-6 GCMD[1192]: 00000000 00000000 00000000 00000000 00000000 00000000 00000000 00000000
[91114991] GA viisp:stock-opening-6 GCMD[1200]: 00000000 00000000 00000000 00000000 00000000 00000000 00000000 00000000
[91114991] GA viisp:stock-opening-6 GCMD[1208]: 00000000 00000000 00000000 00000000 00000000 00000000 00000000 00000000
[91114991] GA viisp:stock-opening-6 GCMD[1216]: 00000000 00000000 00000000 00000000 00000000 00000000 00000000 00000000
[91114991] GA viisp:stock-opening-6 GCMD[1224]: 00000000 00000000 00000000 00000000 00000000 00000000 00000000 00000000
[91114991] GA viisp:stock-opening-6 GCMD[1232]: 00000000 00000000 00000000 00000000 00000000 00000000 00000000 00000000
[91114991] GA viisp:stock-opening-6 GCMD[1240]: 00000000 00000000 00000000 00000000 00000000 00000000 00000000 00000000
[91114991] GA viisp:stock-opening-6 GCMD[1248]: 00000000 00000000 00000000 00000000 00000000 00000000 00000000 00000000
[91114991] GA viisp:stock-opening-6 GCMD[1256]: 00000000 00000000 00000000 00000000 00000000 00000000 00000000 00000000
[91114991] GA viisp:stock-opening-6 GCMD[1264]: 00000000 00000000 00000000 00000000 00000000 00000000 00000000 00000000
[91114991] GA viisp:stock-opening-6 GCMD[1272]: 00000000 00000000 00000000 00000000 00000000 00000000 00000000 00000000
[91114991] GA viisp:stock-opening-6 GCMD[1280]: 00000000 16550001 00000000 26560101 00000000 00000000 00000000 00000000
[91114991] GA viisp:stock-opening-6 GCMD[1288]: 00000000 00000000 00000000 00000000 00000000 00000000 00000000 00000000
[91114991] GA viisp:stock-opening-6 GCMD[1296]: 00000000 00000000 00000000 00000000 00000000 00000000 00000000 00000000
[91114991] GA viisp:stock-opening-6 GCMD[1304]: 00000000 00000000 00000000 00000000 00000000 00000000 00000000 00000000
[91114991] GA viisp:stock-opening-6 GCMD[1312]: 00000000 00000000 00000000 00000000 00000000 00000000 00000000 00000000
[91114991] GA viisp:stock-opening-6 GCMD[1320]: 00000000 00000000 00000000 00000000 00000000 00000000 00000000 00000000
[91114991] GA viisp:stock-opening-6 GCMD[1328]: 00000000 00000000 00000000 00000000 00000000 00000000 00000000 00000000
[91114991] GA viisp:stock-opening-6 GCMD[1336]: 00000000 00000000 00000000 00000000 00000000 00000000 00000000 00000000
[91114991] GA viisp:stock-opening-6 GCMD[1344]: 00000000 00000000 00000000 00000000 00000000 00000000 00000000 00000000
[91114991] GA viisp:stock-opening-6 GCMD[1352]: 00000000 00000000 00000000 00000000 00000000 00000000 00000000 00000000
[91114991] GA viisp:stock-opening-6 GCMD[1360]: 00000000 00000000 00000000 00000000 00000000 00000000 00000000 00000000
[91114991] GA viisp:stock-opening-6 GCMD[1368]: 00000000 00000000 00000000 00000000 00000000 00000000 00000000 00000000
[91114991] GA viisp:stock-opening-6 GCMD[1376]: 00000000 00000000 00000000 00000000 00000000 00000000 00000000 00000000
[91114991] GA viisp:stock-opening-6 GCMD[1384]: 00000000 00000000 00000000 00000000 00000000 00000000 00000000 00000000
[91114991] GA viisp:stock-opening-6 GCMD[1392]: 00000000 00000000 00000000 00000000 00000000 00000000 00000000 00000000
[91114991] GA viisp:stock-opening-6 GCMD[1400]: 00000000 00000000 00000000 00000000 00000000 00000000 00000000 00000000
[91114991] GA viisp:stock-opening-6 GCMD[1408]: 00000000 00000000 00000000 00000000 00000000 00000000 00000000 00000000
[91114991] GA viisp:stock-opening-6 GCMD[1416]: 00000000 00000000 00000000 00000000 00000000 00000000 00000000 00000000
[91114991] GA viisp:stock-opening-6 GCMD[1424]: 00000000 00000000 00000000 00000000 00000000 00000000 00000000 00000000
[91114991] GA viisp:stock-opening-6 GCMD[1432]: 00000000 00000000 00000000 00000000 00000000 00000000 00000000 00000000
[91114991] GA viisp:stock-opening-6 GCMD[1440]: 00000000 00000000 00000000 00000000 00000000 00000000 00000000 00000000
[91114991] GA viisp:stock-opening-6 GCMD[1448]: 00000000 00000000 00000000 00000000 00000000 00000000 00000000 00000000
[91114991] GA viisp:stock-opening-6 GCMD[1456]: 00000000 00000000 00000000 00000000 00000000 00000000 00000000 00000000
[91114991] GA viisp:stock-opening-6 GCMD[1464]: 00000000 00000000 00000000 00000000 00000000 00000000 00000000 00000000
[91114991] GA viisp:stock-opening-6 GCMD[1472]: 00000000 00000000 00000000 00000000 00000000 00000000 00000000 00000000
[91114991] GA viisp:stock-opening-6 GCMD[1480]: 00000000 00000000 00000000 00000000 00000000 00000000 00000000 00000000
[91114991] GA viisp:stock-opening-6 GCMD[1488]: 00000000 00000000 00000000 00000000 00000000 00000000 00000000 00000000
[91114991] GA viisp:stock-opening-6 GCMD[1496]: 00000000 00000000 00000000 00000000 00000000 00000000 00000000 00000000
[91114991] GA viisp:stock-opening-6 GCMD[1504]: 00000000 00000000 00000000 00000000 00000000 00000000 00000000 00000000
[91114991] GA viisp:stock-opening-6 GCMD[1512]: 00000000 00000000 00000000 00000000 00000000 00000000 00000000 00000000
[91114991] GA viisp:stock-opening-6 GCMD[1520]: 00000000 00000000 00000000 00000000 00000000 00000000 00000000 00000000
[91114991] GA viisp:stock-opening-6 GCMD[1528]: 00000000 00000000 00000000 00000000 00000000 00000000 00000000 00000000
[91114991] GA viisp:stock-opening-6 GCMD[1536]: 00000000 00000000 00000000 00000000 00000000 16570001 00000000 26580101
[91114991] GA viisp:stock-opening-6 GCMD[1544]: 00000000 00000000 00000000 00000000 00000000 00000000 00000000 00000000
[91114991] GA viisp:stock-opening-6 GCMD[1552]: 00000000 00000000 00000000 00000000 00000000 00000000 00000000 00000000
[91114991] GA viisp:stock-opening-6 GCMD[1560]: 00000000 00000000 00000000 00000000 00000000 00000000 00000000 00000000
[91114991] GA viisp:stock-opening-6 GCMD[1568]: 00000000 00000000 00000000 00000000 00000000 00000000 00000000 00000000
[91114991] GA viisp:stock-opening-6 GCMD[1576]: 00000000 00000000 00000000 00000000 00000000 00000000 00000000 00000000
[91114991] GA viisp:stock-opening-6 GCMD[1584]: 00000000 00000000 00000000 00000000 00000000 00000000 00000000 00000000
[91114991] GA viisp:stock-opening-6 GCMD[1592]: 00000000 00000000 00000000 00000000 00000000 00000000 00000000 00000000
[91114991] GA viisp:stock-opening-6 GCMD[1600]: 00000000 00000000 00000000 00000000 00000000 00000000 00000000 00000000
[91114991] GA viisp:stock-opening-6 GCMD[1608]: 00000000 00000000 00000000 00000000 00000000 00000000 00000000 00000000
[91114991] GA viisp:stock-opening-6 GCMD[1616]: 00000000 00000000 00000000 00000000 00000000 00000000 00000000 00000000
[91114991] GA viisp:stock-opening-6 GCMD[1624]: 00000000 00000000 00000000 00000000 00000000 00000000 00000000 00000000
[91114991] GA viisp:stock-opening-6 GCMD[1632]: 00000000 00000000 00000000 00000000 00000000 00000000 00000000 00000000
[91114991] GA viisp:stock-opening-6 GCMD[1640]: 00000000 00000000 00000000 00000000 00000000 00000000 00000000 00000000
[91114991] GA viisp:stock-opening-6 GCMD[1648]: 00000000 00000000 00000000 00000000 00000000 00000000 00000000 00000000
[91114991] GA viisp:stock-opening-6 GCMD[1656]: 00000000 00000000 00000000 00000000 00000000 00000000 00000000 00000000
[91114991] GA viisp:stock-opening-6 GCMD[1664]: 00000000 00000000 00000000 00000000 00000000 00000000 00000000 00000000
[91114991] GA viisp:stock-opening-6 GCMD[1672]: 00000000 00000000 00000000 00000000 00000000 00000000 00000000 00000000
[91114991] GA viisp:stock-opening-6 GCMD[1680]: 00000000 00000000 00000000 00000000 00000000 00000000 00000000 00000000
[91114991] GA viisp:stock-opening-6 GCMD[1688]: 00000000 00000000 00000000 00000000 00000000 00000000 00000000 00000000
[91114991] GA viisp:stock-opening-6 GCMD[1696]: 00000000 00000000 00000000 00000000 00000000 00000000 00000000 00000000
[91114991] GA viisp:stock-opening-6 GCMD[1704]: 00000000 00000000 00000000 00000000 00000000 00000000 00000000 00000000
[91114991] GA viisp:stock-opening-6 GCMD[1712]: 00000000 00000000 00000000 00000000 00000000 00000000 00000000 00000000
[91114991] GA viisp:stock-opening-6 GCMD[1720]: 00000000 00000000 00000000 00000000 00000000 00000000 00000000 00000000
[91114991] GA viisp:stock-opening-6 GCMD[1728]: 00000000 00000000 00000000 00000000 00000000 00000000 00000000 00000000
[91114991] GA viisp:stock-opening-6 GCMD[1736]: 00000000 00000000 00000000 00000000 00000000 00000000 00000000 00000000
[91114991] GA viisp:stock-opening-6 GCMD[1744]: 00000000 00000000 00000000 00000000 00000000 00000000 00000000 00000000
[91114991] GA viisp:stock-opening-6 GCMD[1752]: 00000000 00000000 00000000 00000000 00000000 00000000 00000000 00000000
[91114991] GA viisp:stock-opening-6 GCMD[1760]: 00000000 00000000 00000000 00000000 00000000 00000000 00000000 00000000
[91114991] GA viisp:stock-opening-6 GCMD[1768]: 00000000 00000000 00000000 00000000 00000000 00000000 00000000 00000000
[91114991] GA viisp:stock-opening-6 GCMD[1776]: 00000000 00000000 00000000 00000000 00000000 00000000 00000000 00000000
[91114991] GA viisp:stock-opening-6 GCMD[1784]: 00000000 00000000 00000000 00000000 00000000 00000000 00000000 00000000
[91114991] GA viisp:stock-opening-6 GCMD[1792]: 00000000 00000000 00000000 00000000 00000000 00000000 00000000 00000000
[91114991] GA viisp:stock-opening-6 GCMD[1800]: 00000000 13000004 00000000 00000000 00000000 00000000 13040004 00000000
[91114991] GA viisp:stock-opening-6 GCMD[1808]: 00000000 00000000 00000000 10530002 00000000 00000000 00000d00 200c0001
[91114991] GA viisp:stock-opening-6 GCMD[1816]: 0000000f 40000026
[91117757] SB viisp:stock-opening-7 words=2
[91117757] GA viisp:stock-opening-7 GCMD[0]: 00000d00 40000026
[91117983] SB viisp:stock-opening-8 words=1818
[91117983] GA viisp:stock-opening-8 GCMD[0]: 00000d00 12020003 00000000 00000000 00000000 12000002 00000000 00000000
[91117983] GA viisp:stock-opening-8 GCMD[8]: 12050004 00000000 00000000 00000000 00000000 17000010 00000000 00000000
[91117983] GA viisp:stock-opening-8 GCMD[16]: 00000000 00000000 00000000 00000000 00000000 00000000 00000000 00000000
[91117983] GA viisp:stock-opening-8 GCMD[24]: 00000000 00000000 00000000 00000000 00000000 00000000 17500010 00000000
[91117983] GA viisp:stock-opening-8 GCMD[32]: 00000000 00000000 00000000 00000000 00000000 00000000 00000000 00000000
[91117983] GA viisp:stock-opening-8 GCMD[40]: 00000000 00000000 00000000 00000000 00000000 00000000 00000000 1d00000a
[91117983] GA viisp:stock-opening-8 GCMD[48]: 00000000 00000000 00000000 00000000 00000000 00000000 00000000 00000000
[91117983] GA viisp:stock-opening-8 GCMD[56]: 00000000 00000000 1d0a0001 00000000 2d0b01e0 00000000 00000000 00000000
[91117983] GA viisp:stock-opening-8 GCMD[64]: 00000000 00000000 00000000 00000000 00000000 00000000 00000000 00000000
[91117983] GA viisp:stock-opening-8 GCMD[72]: 00000000 00000000 00000000 00000000 00000000 00000000 00000000 00000000
[91117983] GA viisp:stock-opening-8 GCMD[80]: 00000000 00000000 00000000 00000000 00000000 00000000 00000000 00000000
[91117983] GA viisp:stock-opening-8 GCMD[88]: 00000000 00000000 00000000 00000000 00000000 00000000 00000000 00000000
[91117983] GA viisp:stock-opening-8 GCMD[96]: 00000000 00000000 00000000 00000000 00000000 00000000 00000000 00000000
[91117983] GA viisp:stock-opening-8 GCMD[104]: 00000000 00000000 00000000 00000000 00000000 00000000 00000000 00000000
[91117983] GA viisp:stock-opening-8 GCMD[112]: 00000000 00000000 00000000 00000000 00000000 00000000 00000000 00000000
[91117983] GA viisp:stock-opening-8 GCMD[120]: 00000000 00000000 00000000 00000000 00000000 00000000 00000000 00000000
[91117983] GA viisp:stock-opening-8 GCMD[128]: 00000000 00000000 00000000 00000000 00000000 00000000 00000000 00000000
[91117983] GA viisp:stock-opening-8 GCMD[136]: 00000000 00000000 00000000 00000000 00000000 00000000 00000000 00000000
[91117983] GA viisp:stock-opening-8 GCMD[144]: 00000000 00000000 00000000 00000000 00000000 00000000 00000000 00000000
[91117983] GA viisp:stock-opening-8 GCMD[152]: 00000000 00000000 00000000 00000000 00000000 00000000 00000000 00000000
[91117983] GA viisp:stock-opening-8 GCMD[160]: 00000000 00000000 00000000 00000000 00000000 00000000 00000000 00000000
[91117983] GA viisp:stock-opening-8 GCMD[168]: 00000000 00000000 00000000 00000000 00000000 00000000 00000000 00000000
[91117983] GA viisp:stock-opening-8 GCMD[176]: 00000000 00000000 00000000 00000000 00000000 00000000 00000000 00000000
[91117983] GA viisp:stock-opening-8 GCMD[184]: 00000000 00000000 00000000 00000000 00000000 00000000 00000000 00000000
[91117983] GA viisp:stock-opening-8 GCMD[192]: 00000000 00000000 00000000 00000000 00000000 00000000 00000000 00000000
[91117983] GA viisp:stock-opening-8 GCMD[200]: 00000000 00000000 00000000 00000000 00000000 00000000 00000000 00000000
[91117983] GA viisp:stock-opening-8 GCMD[208]: 00000000 00000000 00000000 00000000 00000000 00000000 00000000 00000000
[91117983] GA viisp:stock-opening-8 GCMD[216]: 00000000 00000000 00000000 00000000 00000000 00000000 00000000 00000000
[91117983] GA viisp:stock-opening-8 GCMD[224]: 00000000 00000000 00000000 00000000 00000000 00000000 00000000 00000000
[91117983] GA viisp:stock-opening-8 GCMD[232]: 00000000 00000000 00000000 00000000 00000000 00000000 00000000 00000000
[91117983] GA viisp:stock-opening-8 GCMD[240]: 00000000 00000000 00000000 00000000 00000000 00000000 00000000 00000000
[91117983] GA viisp:stock-opening-8 GCMD[248]: 00000000 00000000 00000000 00000000 00000000 00000000 00000000 00000000
[91117983] GA viisp:stock-opening-8 GCMD[256]: 00000000 00000000 00000000 00000000 00000000 00000000 00000000 00000000
[91117983] GA viisp:stock-opening-8 GCMD[264]: 00000000 00000000 00000000 00000000 00000000 00000000 00000000 00000000
[91117983] GA viisp:stock-opening-8 GCMD[272]: 00000000 00000000 00000000 00000000 00000000 00000000 00000000 00000000
[91117983] GA viisp:stock-opening-8 GCMD[280]: 00000000 00000000 00000000 00000000 00000000 00000000 00000000 00000000
[91117983] GA viisp:stock-opening-8 GCMD[288]: 00000000 00000000 00000000 00000000 00000000 00000000 00000000 00000000
[91117983] GA viisp:stock-opening-8 GCMD[296]: 00000000 00000000 00000000 00000000 00000000 00000000 00000000 00000000
[91117983] GA viisp:stock-opening-8 GCMD[304]: 00000000 00000000 00000000 00000000 00000000 00000000 00000000 00000000
[91117983] GA viisp:stock-opening-8 GCMD[312]: 00000000 00000000 00000000 00000000 00000000 00000000 00000000 00000000
[91117983] GA viisp:stock-opening-8 GCMD[320]: 00000000 00000000 00000000 00000000 00000000 00000000 00000000 00000000
[91117983] GA viisp:stock-opening-8 GCMD[328]: 00000000 00000000 00000000 00000000 00000000 00000000 00000000 00000000
[91117983] GA viisp:stock-opening-8 GCMD[336]: 00000000 00000000 00000000 00000000 00000000 00000000 00000000 00000000
[91117983] GA viisp:stock-opening-8 GCMD[344]: 00000000 00000000 00000000 00000000 00000000 00000000 00000000 00000000
[91117983] GA viisp:stock-opening-8 GCMD[352]: 00000000 00000000 00000000 00000000 00000000 00000000 00000000 00000000
[91117983] GA viisp:stock-opening-8 GCMD[360]: 00000000 00000000 00000000 00000000 00000000 00000000 00000000 00000000
[91117983] GA viisp:stock-opening-8 GCMD[368]: 00000000 00000000 00000000 00000000 00000000 00000000 00000000 00000000
[91117983] GA viisp:stock-opening-8 GCMD[376]: 00000000 00000000 00000000 00000000 00000000 00000000 00000000 00000000
[91117983] GA viisp:stock-opening-8 GCMD[384]: 00000000 00000000 00000000 00000000 00000000 00000000 00000000 00000000
[91117983] GA viisp:stock-opening-8 GCMD[392]: 00000000 00000000 00000000 00000000 00000000 00000000 00000000 00000000
[91117983] GA viisp:stock-opening-8 GCMD[400]: 00000000 00000000 00000000 00000000 00000000 00000000 00000000 00000000
[91117983] GA viisp:stock-opening-8 GCMD[408]: 00000000 00000000 00000000 00000000 00000000 00000000 00000000 00000000
[91117983] GA viisp:stock-opening-8 GCMD[416]: 00000000 00000000 00000000 00000000 00000000 00000000 00000000 00000000
[91117983] GA viisp:stock-opening-8 GCMD[424]: 00000000 00000000 00000000 00000000 00000000 00000000 00000000 00000000
[91117983] GA viisp:stock-opening-8 GCMD[432]: 00000000 00000000 00000000 00000000 00000000 00000000 00000000 00000000
[91117983] GA viisp:stock-opening-8 GCMD[440]: 00000000 00000000 00000000 00000000 00000000 00000000 00000000 00000000
[91117983] GA viisp:stock-opening-8 GCMD[448]: 00000000 00000000 00000000 00000000 00000000 00000000 00000000 00000000
[91117983] GA viisp:stock-opening-8 GCMD[456]: 00000000 00000000 00000000 00000000 00000000 00000000 00000000 00000000
[91117983] GA viisp:stock-opening-8 GCMD[464]: 00000000 00000000 00000000 00000000 00000000 00000000 00000000 00000000
[91117983] GA viisp:stock-opening-8 GCMD[472]: 00000000 00000000 00000000 00000000 00000000 00000000 00000000 00000000
[91117983] GA viisp:stock-opening-8 GCMD[480]: 00000000 00000000 00000000 00000000 00000000 00000000 00000000 00000000
[91117983] GA viisp:stock-opening-8 GCMD[488]: 00000000 00000000 00000000 00000000 00000000 00000000 00000000 00000000
[91117983] GA viisp:stock-opening-8 GCMD[496]: 00000000 00000000 00000000 00000000 00000000 00000000 00000000 00000000
[91117983] GA viisp:stock-opening-8 GCMD[504]: 00000000 00000000 00000000 00000000 00000000 00000000 00000000 00000000
[91117983] GA viisp:stock-opening-8 GCMD[512]: 00000000 00000000 00000000 00000000 00000000 00000000 00000000 00000000
[91117983] GA viisp:stock-opening-8 GCMD[520]: 00000000 00000000 00000000 00000000 00000000 00000000 00000000 00000000
[91117983] GA viisp:stock-opening-8 GCMD[528]: 00000000 00000000 00000000 00000000 00000000 00000000 00000000 00000000
[91117983] GA viisp:stock-opening-8 GCMD[536]: 00000000 00000000 00000000 00000000 00000000 1d0c0002 00000000 00000000
[91117983] GA viisp:stock-opening-8 GCMD[544]: 1d200006 00000000 00000000 00000000 00000000 00000000 00000000 19000002
[91117983] GA viisp:stock-opening-8 GCMD[552]: 00000000 00000000 19020001 00000000 29030040 00000000 00000000 00000000
[91117983] GA viisp:stock-opening-8 GCMD[560]: 00000000 00000000 00000000 00000000 00000000 00000000 00000000 00000000
[91117983] GA viisp:stock-opening-8 GCMD[568]: 00000000 00000000 00000000 00000000 00000000 00000000 00000000 00000000
[91117983] GA viisp:stock-opening-8 GCMD[576]: 00000000 00000000 00000000 00000000 00000000 00000000 00000000 00000000
[91117983] GA viisp:stock-opening-8 GCMD[584]: 00000000 00000000 00000000 00000000 00000000 00000000 00000000 00000000
[91117983] GA viisp:stock-opening-8 GCMD[592]: 00000000 00000000 00000000 00000000 00000000 00000000 00000000 00000000
[91117983] GA viisp:stock-opening-8 GCMD[600]: 00000000 00000000 00000000 00000000 00000000 00000000 00000000 00000000
[91117983] GA viisp:stock-opening-8 GCMD[608]: 00000000 00000000 00000000 00000000 00000000 00000000 00000000 00000000
[91117983] GA viisp:stock-opening-8 GCMD[616]: 00000000 00000000 00000000 00000000 00000000 19040002 00000000 00000000
[91117983] GA viisp:stock-opening-8 GCMD[624]: 19060001 00000000 29070024 00000000 00000000 00000000 00000000 00000000
[91117983] GA viisp:stock-opening-8 GCMD[632]: 00000000 00000000 00000000 00000000 00000000 00000000 00000000 00000000
[91117983] GA viisp:stock-opening-8 GCMD[640]: 00000000 00000000 00000000 00000000 00000000 00000000 00000000 00000000
[91117983] GA viisp:stock-opening-8 GCMD[648]: 00000000 00000000 00000000 00000000 00000000 00000000 00000000 00000000
[91117983] GA viisp:stock-opening-8 GCMD[656]: 00000000 00000000 00000000 00000000 00000000 00000000 00000000 19080001
[91117983] GA viisp:stock-opening-8 GCMD[664]: 00000000 1920000a 00000000 00000000 00000000 00000000 00000000 00000000
[91117983] GA viisp:stock-opening-8 GCMD[672]: 00000000 00000000 00000000 00000000 19090007 00000000 00000000 00000000
[91117983] GA viisp:stock-opening-8 GCMD[680]: 00000000 00000000 00000000 00000000 19100009 00000000 00000000 00000000
[91117983] GA viisp:stock-opening-8 GCMD[688]: 00000000 00000000 00000000 00000000 00000000 00000000 19190001 00000000
[91117983] GA viisp:stock-opening-8 GCMD[696]: 291a0009 00000000 00000000 00000000 00000000 00000000 00000000 00000000
[91117983] GA viisp:stock-opening-8 GCMD[704]: 00000000 00000200 191b0001 00000000 291c0009 00000000 00000000 00000000
[91117983] GA viisp:stock-opening-8 GCMD[712]: 00000000 00000000 00000000 00000000 00000000 00000000 191d0001 00000000
[91117983] GA viisp:stock-opening-8 GCMD[720]: 291e0009 00000000 00000000 00000000 00000000 00000000 00000000 00000000
[91117983] GA viisp:stock-opening-8 GCMD[728]: 00000000 00000000 191f0001 00000002 15060009 00000000 00000000 00000000
[91117983] GA viisp:stock-opening-8 GCMD[736]: 00000000 00000000 00000000 00000000 00000000 00000000 16000010 00000000
[91117983] GA viisp:stock-opening-8 GCMD[744]: 00000000 00000000 00000000 00000000 00000000 00000000 00000000 00000000
[91117983] GA viisp:stock-opening-8 GCMD[752]: 00000000 00000000 00000000 00000000 00000000 00000000 00000000 16500001
[91117983] GA viisp:stock-opening-8 GCMD[760]: 00000000 16510001 00000000 26520101 00000000 00000000 00000000 00000000
[91117983] GA viisp:stock-opening-8 GCMD[768]: 00000000 00000000 00000000 00000000 00000000 00000000 00000000 00000000
[91117983] GA viisp:stock-opening-8 GCMD[776]: 00000000 00000000 00000000 00000000 00000000 00000000 00000000 00000000
[91117983] GA viisp:stock-opening-8 GCMD[784]: 00000000 00000000 00000000 00000000 00000000 00000000 00000000 00000000
[91117983] GA viisp:stock-opening-8 GCMD[792]: 00000000 00000000 00000000 00000000 00000000 00000000 00000000 00000000
[91117983] GA viisp:stock-opening-8 GCMD[800]: 00000000 00000000 00000000 00000000 00000000 00000000 00000000 00000000
[91117983] GA viisp:stock-opening-8 GCMD[808]: 00000000 00000000 00000000 00000000 00000000 00000000 00000000 00000000
[91117983] GA viisp:stock-opening-8 GCMD[816]: 00000000 00000000 00000000 00000000 00000000 00000000 00000000 00000000
[91117983] GA viisp:stock-opening-8 GCMD[824]: 00000000 00000000 00000000 00000000 00000000 00000000 00000000 00000000
[91117983] GA viisp:stock-opening-8 GCMD[832]: 00000000 00000000 00000000 00000000 00000000 00000000 00000000 00000000
[91117983] GA viisp:stock-opening-8 GCMD[840]: 00000000 00000000 00000000 00000000 00000000 00000000 00000000 00000000
[91117983] GA viisp:stock-opening-8 GCMD[848]: 00000000 00000000 00000000 00000000 00000000 00000000 00000000 00000000
[91117983] GA viisp:stock-opening-8 GCMD[856]: 00000000 00000000 00000000 00000000 00000000 00000000 00000000 00000000
[91117983] GA viisp:stock-opening-8 GCMD[864]: 00000000 00000000 00000000 00000000 00000000 00000000 00000000 00000000
[91117983] GA viisp:stock-opening-8 GCMD[872]: 00000000 00000000 00000000 00000000 00000000 00000000 00000000 00000000
[91117983] GA viisp:stock-opening-8 GCMD[880]: 00000000 00000000 00000000 00000000 00000000 00000000 00000000 00000000
[91117983] GA viisp:stock-opening-8 GCMD[888]: 00000000 00000000 00000000 00000000 00000000 00000000 00000000 00000000
[91117983] GA viisp:stock-opening-8 GCMD[896]: 00000000 00000000 00000000 00000000 00000000 00000000 00000000 00000000
[91117983] GA viisp:stock-opening-8 GCMD[904]: 00000000 00000000 00000000 00000000 00000000 00000000 00000000 00000000
[91117983] GA viisp:stock-opening-8 GCMD[912]: 00000000 00000000 00000000 00000000 00000000 00000000 00000000 00000000
[91117983] GA viisp:stock-opening-8 GCMD[920]: 00000000 00000000 00000000 00000000 00000000 00000000 00000000 00000000
[91117983] GA viisp:stock-opening-8 GCMD[928]: 00000000 00000000 00000000 00000000 00000000 00000000 00000000 00000000
[91117983] GA viisp:stock-opening-8 GCMD[936]: 00000000 00000000 00000000 00000000 00000000 00000000 00000000 00000000
[91117983] GA viisp:stock-opening-8 GCMD[944]: 00000000 00000000 00000000 00000000 00000000 00000000 00000000 00000000
[91117983] GA viisp:stock-opening-8 GCMD[952]: 00000000 00000000 00000000 00000000 00000000 00000000 00000000 00000000
[91117983] GA viisp:stock-opening-8 GCMD[960]: 00000000 00000000 00000000 00000000 00000000 00000000 00000000 00000000
[91117983] GA viisp:stock-opening-8 GCMD[968]: 00000000 00000000 00000000 00000000 00000000 00000000 00000000 00000000
[91117983] GA viisp:stock-opening-8 GCMD[976]: 00000000 00000000 00000000 00000000 00000000 00000000 00000000 00000000
[91117983] GA viisp:stock-opening-8 GCMD[984]: 00000000 00000000 00000000 00000000 00000000 00000000 00000000 00000000
[91117983] GA viisp:stock-opening-8 GCMD[992]: 00000000 00000000 00000000 00000000 00000000 00000000 00000000 00000000
[91117983] GA viisp:stock-opening-8 GCMD[1000]: 00000000 00000000 00000000 00000000 00000000 00000000 00000000 00000000
[91117983] GA viisp:stock-opening-8 GCMD[1008]: 00000000 00000000 00000000 00000000 00000000 00000000 00000000 00000000
[91117983] GA viisp:stock-opening-8 GCMD[1016]: 00000000 00000000 00000000 00000000 00000000 16530001 00000000 26540101
[91117983] GA viisp:stock-opening-8 GCMD[1024]: 00000000 00000000 00000000 00000000 00000000 00000000 00000000 00000000
[91117983] GA viisp:stock-opening-8 GCMD[1032]: 00000000 00000000 00000000 00000000 00000000 00000000 00000000 00000000
[91117983] GA viisp:stock-opening-8 GCMD[1040]: 00000000 00000000 00000000 00000000 00000000 00000000 00000000 00000000
[91117983] GA viisp:stock-opening-8 GCMD[1048]: 00000000 00000000 00000000 00000000 00000000 00000000 00000000 00000000
[91117983] GA viisp:stock-opening-8 GCMD[1056]: 00000000 00000000 00000000 00000000 00000000 00000000 00000000 00000000
[91117983] GA viisp:stock-opening-8 GCMD[1064]: 00000000 00000000 00000000 00000000 00000000 00000000 00000000 00000000
[91117983] GA viisp:stock-opening-8 GCMD[1072]: 00000000 00000000 00000000 00000000 00000000 00000000 00000000 00000000
[91117983] GA viisp:stock-opening-8 GCMD[1080]: 00000000 00000000 00000000 00000000 00000000 00000000 00000000 00000000
[91117983] GA viisp:stock-opening-8 GCMD[1088]: 00000000 00000000 00000000 00000000 00000000 00000000 00000000 00000000
[91117983] GA viisp:stock-opening-8 GCMD[1096]: 00000000 00000000 00000000 00000000 00000000 00000000 00000000 00000000
[91117983] GA viisp:stock-opening-8 GCMD[1104]: 00000000 00000000 00000000 00000000 00000000 00000000 00000000 00000000
[91117983] GA viisp:stock-opening-8 GCMD[1112]: 00000000 00000000 00000000 00000000 00000000 00000000 00000000 00000000
[91117983] GA viisp:stock-opening-8 GCMD[1120]: 00000000 00000000 00000000 00000000 00000000 00000000 00000000 00000000
[91117983] GA viisp:stock-opening-8 GCMD[1128]: 00000000 00000000 00000000 00000000 00000000 00000000 00000000 00000000
[91117983] GA viisp:stock-opening-8 GCMD[1136]: 00000000 00000000 00000000 00000000 00000000 00000000 00000000 00000000
[91117983] GA viisp:stock-opening-8 GCMD[1144]: 00000000 00000000 00000000 00000000 00000000 00000000 00000000 00000000
[91117983] GA viisp:stock-opening-8 GCMD[1152]: 00000000 00000000 00000000 00000000 00000000 00000000 00000000 00000000
[91117983] GA viisp:stock-opening-8 GCMD[1160]: 00000000 00000000 00000000 00000000 00000000 00000000 00000000 00000000
[91117983] GA viisp:stock-opening-8 GCMD[1168]: 00000000 00000000 00000000 00000000 00000000 00000000 00000000 00000000
[91117983] GA viisp:stock-opening-8 GCMD[1176]: 00000000 00000000 00000000 00000000 00000000 00000000 00000000 00000000
[91117983] GA viisp:stock-opening-8 GCMD[1184]: 00000000 00000000 00000000 00000000 00000000 00000000 00000000 00000000
[91117983] GA viisp:stock-opening-8 GCMD[1192]: 00000000 00000000 00000000 00000000 00000000 00000000 00000000 00000000
[91117983] GA viisp:stock-opening-8 GCMD[1200]: 00000000 00000000 00000000 00000000 00000000 00000000 00000000 00000000
[91117983] GA viisp:stock-opening-8 GCMD[1208]: 00000000 00000000 00000000 00000000 00000000 00000000 00000000 00000000
[91117983] GA viisp:stock-opening-8 GCMD[1216]: 00000000 00000000 00000000 00000000 00000000 00000000 00000000 00000000
[91117983] GA viisp:stock-opening-8 GCMD[1224]: 00000000 00000000 00000000 00000000 00000000 00000000 00000000 00000000
[91117983] GA viisp:stock-opening-8 GCMD[1232]: 00000000 00000000 00000000 00000000 00000000 00000000 00000000 00000000
[91117983] GA viisp:stock-opening-8 GCMD[1240]: 00000000 00000000 00000000 00000000 00000000 00000000 00000000 00000000
[91117983] GA viisp:stock-opening-8 GCMD[1248]: 00000000 00000000 00000000 00000000 00000000 00000000 00000000 00000000
[91117983] GA viisp:stock-opening-8 GCMD[1256]: 00000000 00000000 00000000 00000000 00000000 00000000 00000000 00000000
[91117983] GA viisp:stock-opening-8 GCMD[1264]: 00000000 00000000 00000000 00000000 00000000 00000000 00000000 00000000
[91117983] GA viisp:stock-opening-8 GCMD[1272]: 00000000 00000000 00000000 00000000 00000000 00000000 00000000 00000000
[91117983] GA viisp:stock-opening-8 GCMD[1280]: 00000000 16550001 00000000 26560101 00000000 00000000 00000000 00000000
[91117983] GA viisp:stock-opening-8 GCMD[1288]: 00000000 00000000 00000000 00000000 00000000 00000000 00000000 00000000
[91117983] GA viisp:stock-opening-8 GCMD[1296]: 00000000 00000000 00000000 00000000 00000000 00000000 00000000 00000000
[91117983] GA viisp:stock-opening-8 GCMD[1304]: 00000000 00000000 00000000 00000000 00000000 00000000 00000000 00000000
[91117983] GA viisp:stock-opening-8 GCMD[1312]: 00000000 00000000 00000000 00000000 00000000 00000000 00000000 00000000
[91117983] GA viisp:stock-opening-8 GCMD[1320]: 00000000 00000000 00000000 00000000 00000000 00000000 00000000 00000000
[91117983] GA viisp:stock-opening-8 GCMD[1328]: 00000000 00000000 00000000 00000000 00000000 00000000 00000000 00000000
[91117983] GA viisp:stock-opening-8 GCMD[1336]: 00000000 00000000 00000000 00000000 00000000 00000000 00000000 00000000
[91117983] GA viisp:stock-opening-8 GCMD[1344]: 00000000 00000000 00000000 00000000 00000000 00000000 00000000 00000000
[91117983] GA viisp:stock-opening-8 GCMD[1352]: 00000000 00000000 00000000 00000000 00000000 00000000 00000000 00000000
[91117983] GA viisp:stock-opening-8 GCMD[1360]: 00000000 00000000 00000000 00000000 00000000 00000000 00000000 00000000
[91117983] GA viisp:stock-opening-8 GCMD[1368]: 00000000 00000000 00000000 00000000 00000000 00000000 00000000 00000000
[91117983] GA viisp:stock-opening-8 GCMD[1376]: 00000000 00000000 00000000 00000000 00000000 00000000 00000000 00000000
[91117983] GA viisp:stock-opening-8 GCMD[1384]: 00000000 00000000 00000000 00000000 00000000 00000000 00000000 00000000
[91117983] GA viisp:stock-opening-8 GCMD[1392]: 00000000 00000000 00000000 00000000 00000000 00000000 00000000 00000000
[91117983] GA viisp:stock-opening-8 GCMD[1400]: 00000000 00000000 00000000 00000000 00000000 00000000 00000000 00000000
[91117983] GA viisp:stock-opening-8 GCMD[1408]: 00000000 00000000 00000000 00000000 00000000 00000000 00000000 00000000
[91117983] GA viisp:stock-opening-8 GCMD[1416]: 00000000 00000000 00000000 00000000 00000000 00000000 00000000 00000000
[91117983] GA viisp:stock-opening-8 GCMD[1424]: 00000000 00000000 00000000 00000000 00000000 00000000 00000000 00000000
[91117983] GA viisp:stock-opening-8 GCMD[1432]: 00000000 00000000 00000000 00000000 00000000 00000000 00000000 00000000
[91117983] GA viisp:stock-opening-8 GCMD[1440]: 00000000 00000000 00000000 00000000 00000000 00000000 00000000 00000000
[91117983] GA viisp:stock-opening-8 GCMD[1448]: 00000000 00000000 00000000 00000000 00000000 00000000 00000000 00000000
[91117983] GA viisp:stock-opening-8 GCMD[1456]: 00000000 00000000 00000000 00000000 00000000 00000000 00000000 00000000
[91117983] GA viisp:stock-opening-8 GCMD[1464]: 00000000 00000000 00000000 00000000 00000000 00000000 00000000 00000000
[91117983] GA viisp:stock-opening-8 GCMD[1472]: 00000000 00000000 00000000 00000000 00000000 00000000 00000000 00000000
[91117983] GA viisp:stock-opening-8 GCMD[1480]: 00000000 00000000 00000000 00000000 00000000 00000000 00000000 00000000
[91117983] GA viisp:stock-opening-8 GCMD[1488]: 00000000 00000000 00000000 00000000 00000000 00000000 00000000 00000000
[91117983] GA viisp:stock-opening-8 GCMD[1496]: 00000000 00000000 00000000 00000000 00000000 00000000 00000000 00000000
[91117983] GA viisp:stock-opening-8 GCMD[1504]: 00000000 00000000 00000000 00000000 00000000 00000000 00000000 00000000
[91117983] GA viisp:stock-opening-8 GCMD[1512]: 00000000 00000000 00000000 00000000 00000000 00000000 00000000 00000000
[91117983] GA viisp:stock-opening-8 GCMD[1520]: 00000000 00000000 00000000 00000000 00000000 00000000 00000000 00000000
[91117983] GA viisp:stock-opening-8 GCMD[1528]: 00000000 00000000 00000000 00000000 00000000 00000000 00000000 00000000
[91117983] GA viisp:stock-opening-8 GCMD[1536]: 00000000 00000000 00000000 00000000 00000000 16570001 00000000 26580101
[91117983] GA viisp:stock-opening-8 GCMD[1544]: 00000000 00000000 00000000 00000000 00000000 00000000 00000000 00000000
[91117983] GA viisp:stock-opening-8 GCMD[1552]: 00000000 00000000 00000000 00000000 00000000 00000000 00000000 00000000
[91117983] GA viisp:stock-opening-8 GCMD[1560]: 00000000 00000000 00000000 00000000 00000000 00000000 00000000 00000000
[91117983] GA viisp:stock-opening-8 GCMD[1568]: 00000000 00000000 00000000 00000000 00000000 00000000 00000000 00000000
[91117983] GA viisp:stock-opening-8 GCMD[1576]: 00000000 00000000 00000000 00000000 00000000 00000000 00000000 00000000
[91117983] GA viisp:stock-opening-8 GCMD[1584]: 00000000 00000000 00000000 00000000 00000000 00000000 00000000 00000000
[91117983] GA viisp:stock-opening-8 GCMD[1592]: 00000000 00000000 00000000 00000000 00000000 00000000 00000000 00000000
[91117983] GA viisp:stock-opening-8 GCMD[1600]: 00000000 00000000 00000000 00000000 00000000 00000000 00000000 00000000
[91117983] GA viisp:stock-opening-8 GCMD[1608]: 00000000 00000000 00000000 00000000 00000000 00000000 00000000 00000000
[91117983] GA viisp:stock-opening-8 GCMD[1616]: 00000000 00000000 00000000 00000000 00000000 00000000 00000000 00000000
[91117983] GA viisp:stock-opening-8 GCMD[1624]: 00000000 00000000 00000000 00000000 00000000 00000000 00000000 00000000
[91117983] GA viisp:stock-opening-8 GCMD[1632]: 00000000 00000000 00000000 00000000 00000000 00000000 00000000 00000000
[91117983] GA viisp:stock-opening-8 GCMD[1640]: 00000000 00000000 00000000 00000000 00000000 00000000 00000000 00000000
[91117983] GA viisp:stock-opening-8 GCMD[1648]: 00000000 00000000 00000000 00000000 00000000 00000000 00000000 00000000
[91117983] GA viisp:stock-opening-8 GCMD[1656]: 00000000 00000000 00000000 00000000 00000000 00000000 00000000 00000000
[91117983] GA viisp:stock-opening-8 GCMD[1664]: 00000000 00000000 00000000 00000000 00000000 00000000 00000000 00000000
[91117983] GA viisp:stock-opening-8 GCMD[1672]: 00000000 00000000 00000000 00000000 00000000 00000000 00000000 00000000
[91117983] GA viisp:stock-opening-8 GCMD[1680]: 00000000 00000000 00000000 00000000 00000000 00000000 00000000 00000000
[91117983] GA viisp:stock-opening-8 GCMD[1688]: 00000000 00000000 00000000 00000000 00000000 00000000 00000000 00000000
[91117983] GA viisp:stock-opening-8 GCMD[1696]: 00000000 00000000 00000000 00000000 00000000 00000000 00000000 00000000
[91117983] GA viisp:stock-opening-8 GCMD[1704]: 00000000 00000000 00000000 00000000 00000000 00000000 00000000 00000000
[91117983] GA viisp:stock-opening-8 GCMD[1712]: 00000000 00000000 00000000 00000000 00000000 00000000 00000000 00000000
[91117983] GA viisp:stock-opening-8 GCMD[1720]: 00000000 00000000 00000000 00000000 00000000 00000000 00000000 00000000
[91117983] GA viisp:stock-opening-8 GCMD[1728]: 00000000 00000000 00000000 00000000 00000000 00000000 00000000 00000000
[91117983] GA viisp:stock-opening-8 GCMD[1736]: 00000000 00000000 00000000 00000000 00000000 00000000 00000000 00000000
[91117983] GA viisp:stock-opening-8 GCMD[1744]: 00000000 00000000 00000000 00000000 00000000 00000000 00000000 00000000
[91117983] GA viisp:stock-opening-8 GCMD[1752]: 00000000 00000000 00000000 00000000 00000000 00000000 00000000 00000000
[91117983] GA viisp:stock-opening-8 GCMD[1760]: 00000000 00000000 00000000 00000000 00000000 00000000 00000000 00000000
[91117983] GA viisp:stock-opening-8 GCMD[1768]: 00000000 00000000 00000000 00000000 00000000 00000000 00000000 00000000
[91117983] GA viisp:stock-opening-8 GCMD[1776]: 00000000 00000000 00000000 00000000 00000000 00000000 00000000 00000000
[91117983] GA viisp:stock-opening-8 GCMD[1784]: 00000000 00000000 00000000 00000000 00000000 00000000 00000000 00000000
[91117983] GA viisp:stock-opening-8 GCMD[1792]: 00000000 00000000 00000000 00000000 00000000 00000000 00000000 00000000
[91117983] GA viisp:stock-opening-8 GCMD[1800]: 00000000 13000004 00000000 00000000 00000000 00000000 13040004 00000000
[91117983] GA viisp:stock-opening-8 GCMD[1808]: 00000000 00000000 00000000 10530002 00000000 00000000 00000d00 200c0001
[91117983] GA viisp:stock-opening-8 GCMD[1816]: 0000000f 40000026
[91120758] SB viisp:stock-opening-9 words=1239
[91120758] GA viisp:stock-opening-9 GCMD[0]: 00000d00 1400000c 00000001 004b0000 00930000 00220000 2ff01000 2ff01000
[91120758] GA viisp:stock-opening-9 GCMD[8]: 2ff01000 2ff01000 00030000 00000000 00020000 00000000 00000d00 18000003
[91120758] GA viisp:stock-opening-9 GCMD[16]: 81200000 00000000 00000000 00000d00 18200003 81200000 00000000 00000000
[91120758] GA viisp:stock-opening-9 GCMD[24]: 00000d00 19300012 0000001c 88888888 78787800 00000078 88888888 78787800
[91120758] GA viisp:stock-opening-9 GCMD[32]: 00000078 88888888 78787800 00000078 88888888 78787800 00000078 3fc00000
[91120758] GA viisp:stock-opening-9 GCMD[40]: 00000000 00070000 00000000 00070000 00000d00 1c000003 00000101 00000000
[91120758] GA viisp:stock-opening-9 GCMD[48]: 00100000 00000d00 12020003 00000001 00780078 00780078 12000002 00000001
[91120758] GA viisp:stock-opening-9 GCMD[56]: 00000000 12050004 00000000 000600c8 000f000f 00000000 17000010 00000001
[91120758] GA viisp:stock-opening-9 GCMD[64]: 00000000 00000000 00000000 00000000 00001a40 00000000 10000000 00000000
[91120758] GA viisp:stock-opening-9 GCMD[72]: 00000000 00001000 00001a00 30001000 30001000 30001000 30001000 17500010
[91120758] GA viisp:stock-opening-9 GCMD[80]: 00000003 00000000 00000000 00000000 00000000 00000000 00000000 00000000
[91120758] GA viisp:stock-opening-9 GCMD[88]: 00000000 00000000 00000000 00000000 30001000 30001000 30001000 30001000
[91120758] GA viisp:stock-opening-9 GCMD[96]: 1d200006 00001101 00000000 00210000 00210000 00210000 00210000 19000002
[91120758] GA viisp:stock-opening-9 GCMD[104]: 00000001 00000001 19040002 00005555 00000001 19080001 00005555 1920000a
[91120758] GA viisp:stock-opening-9 GCMD[112]: 00000002 10001660 00000000 1000f4a0 0000fa80 10000000 00001c50 30001000
[91120758] GA viisp:stock-opening-9 GCMD[120]: 30001000 30001000 19090007 00000001 fc000f00 f680f320 0d80fde0 00000030
[91120758] GA viisp:stock-opening-9 GCMD[128]: 1400002a 3c00002b 19100009 00000003 00000028 01480029 0003030b 00990030
[91120758] GA viisp:stock-opening-9 GCMD[136]: 00000800 007b0666 00000036 00001f1f 191b0001 00000000 291c0009 00000000
[91120758] GA viisp:stock-opening-9 GCMD[144]: 00000000 00000000 00000000 00000001 00000025 00000000 00000026 00000361
[91120758] GA viisp:stock-opening-9 GCMD[152]: 191d0001 00000000 291e0009 00000000 00000000 00000000 00000000 00000000
[91120758] GA viisp:stock-opening-9 GCMD[160]: 00000780 00000000 00000780 00000200 191f0001 00000032 15060009 3f3fcff3
[91120758] GA viisp:stock-opening-9 GCMD[168]: 00000000 04c1304c 08220882 00000000 03d0f43d 08621886 01204812 06e1b86e
[91120758] GA viisp:stock-opening-9 GCMD[176]: 16000010 00000005 00000000 00000000 00000000 00000000 00000000 00000000
[91120758] GA viisp:stock-opening-9 GCMD[184]: 00000000 00000000 00000000 00000000 00000000 3fff0000 3fff0000 3fff0000
[91120758] GA viisp:stock-opening-9 GCMD[192]: 10001000 16500001 00000003 16510001 00000000 26520101 00001000 00001000
[91120758] GA viisp:stock-opening-9 GCMD[200]: 00001000 00001000 00001000 00001000 00001000 00001000 00001000 00001000
[91120758] GA viisp:stock-opening-9 GCMD[208]: 00001000 00001000 00001000 00001000 00001000 00001000 00001000 00001000
[91120758] GA viisp:stock-opening-9 GCMD[216]: 00001000 00001000 00001000 00001000 00001000 00001000 00001000 00001000
[91120758] GA viisp:stock-opening-9 GCMD[224]: 00001000 00001000 00001000 00001000 00001000 00001000 00001000 00001000
[91120758] GA viisp:stock-opening-9 GCMD[232]: 00001000 00001000 00001000 00001000 00001000 00001000 00001000 00001000
[91120758] GA viisp:stock-opening-9 GCMD[240]: 00001000 00001000 00001000 00001000 00001000 00001000 00001000 00001000
[91120758] GA viisp:stock-opening-9 GCMD[248]: 00001000 00001000 00001000 00001000 00001000 00001000 00001000 00001000
[91120758] GA viisp:stock-opening-9 GCMD[256]: 00001000 00001000 00001000 00001000 00001000 00001000 00001000 00001386
[91120758] GA viisp:stock-opening-9 GCMD[264]: 000014d5 000015cf 0000169f 00001754 000017f6 0000188a 00001913 00001992
[91120758] GA viisp:stock-opening-9 GCMD[272]: 00001a0b 00001a7c 00001ae9 00001b50 00001bb4 00001c13 00001c6f 00001cc8
[91120758] GA viisp:stock-opening-9 GCMD[280]: 00001d1e 00001d72 00001dc3 00001e12 00001e5f 00001eaa 00001ef3 00001f3b
[91120758] GA viisp:stock-opening-9 GCMD[288]: 00001f81 00001fc6 00002009 0000204b 0000208c 000020cb 0000210a 00002147
[91120758] GA viisp:stock-opening-9 GCMD[296]: 00002184 000021bf 000021fa 00002234 0000226c 000022a4 000022dc 00002312
[91120758] GA viisp:stock-opening-9 GCMD[304]: 00002348 0000237d 000023b1 000023e5 00002418 0000244b 0000247d 000024ae
[91120758] GA viisp:stock-opening-9 GCMD[312]: 000024df 0000250f 0000253f 0000256e 0000259d 000025cc 000025fa 00002627
[91120758] GA viisp:stock-opening-9 GCMD[320]: 00002654 00002681 000026ad 000026d9 00002704 0000272f 0000275a 00002784
[91120758] GA viisp:stock-opening-9 GCMD[328]: 000027ae 000027d7 00002801 0000282a 00002852 0000287a 000028a2 000028ca
[91120758] GA viisp:stock-opening-9 GCMD[336]: 000028f1 00002918 0000293f 00002966 0000298c 000029b2 000029d8 000029fd
[91120758] GA viisp:stock-opening-9 GCMD[344]: 00002a22 00002a47 00002a6c 00002a91 00002ab5 00002ad9 00002afd 00002b20
[91120758] GA viisp:stock-opening-9 GCMD[352]: 00002b44 00002b67 00002b8a 00002bac 00002bcf 00002bf1 00002c13 00002c35
[91120758] GA viisp:stock-opening-9 GCMD[360]: 00002c57 00002c79 00002c9a 00002cbb 00002cdc 00002cfd 00002d1e 00002d3e
[91120758] GA viisp:stock-opening-9 GCMD[368]: 00002d5f 00002d7f 00002d9f 00002dbf 00002dde 00002dfe 00002e1d 00002e3c
[91120758] GA viisp:stock-opening-9 GCMD[376]: 00002e5b 00002e7a 00002e99 00002eb8 00002ed6 00002ef5 00002f13 00002f31
[91120758] GA viisp:stock-opening-9 GCMD[384]: 00002f4f 00002f6d 00002f8a 00002fa8 00002fc5 00002fe2 00003000 00003000
[91120758] GA viisp:stock-opening-9 GCMD[392]: 00003000 00003000 00003000 00003000 00003000 00003000 00003000 00003000
[91120758] GA viisp:stock-opening-9 GCMD[400]: 00003000 00003000 00003000 00003000 00003000 00003000 00003000 00003000
[91120758] GA viisp:stock-opening-9 GCMD[408]: 00003000 00003000 00003000 00003000 00003000 00003000 00003000 00003000
[91120758] GA viisp:stock-opening-9 GCMD[416]: 00003000 00003000 00003000 00003000 00003000 00003000 00003000 00003000
[91120758] GA viisp:stock-opening-9 GCMD[424]: 00003000 00003000 00003000 00003000 00003000 00003000 00003000 00003000
[91120758] GA viisp:stock-opening-9 GCMD[432]: 00003000 00003000 00003000 00003000 00003000 00003000 00003000 00003000
[91120758] GA viisp:stock-opening-9 GCMD[440]: 00003000 00003000 00003000 00003000 00003000 00003000 00003000 00003000
[91120758] GA viisp:stock-opening-9 GCMD[448]: 00003000 00003000 00003000 00003000 00003000 00003000 00003000 16530001
[91120758] GA viisp:stock-opening-9 GCMD[456]: 00000000 26540101 00001000 00001000 00001000 00001000 00001000 00001000
[91120758] GA viisp:stock-opening-9 GCMD[464]: 00001000 00001000 00001000 00001000 00001000 00001000 00001000 00001000
[91120758] GA viisp:stock-opening-9 GCMD[472]: 00001000 00001000 00001000 00001000 00001000 00001000 00001000 00001000
[91120758] GA viisp:stock-opening-9 GCMD[480]: 00001000 00001000 00001000 00001000 00001000 00001000 00001000 00001000
[91120758] GA viisp:stock-opening-9 GCMD[488]: 00001000 00001000 00001000 00001000 00001000 00001000 00001000 00001000
[91120758] GA viisp:stock-opening-9 GCMD[496]: 00001000 00001000 00001000 00001000 00001000 00001000 00001000 00001000
[91120758] GA viisp:stock-opening-9 GCMD[504]: 00001000 00001000 00001000 00001000 00001000 00001000 00001000 00001000
[91120758] GA viisp:stock-opening-9 GCMD[512]: 00001000 00001000 00001000 00001000 00001000 00001000 00001000 00001000
[91120758] GA viisp:stock-opening-9 GCMD[520]: 00001000 00001000 00001000 00001386 000014d5 000015cf 0000169f 00001754
[91120758] GA viisp:stock-opening-9 GCMD[528]: 000017f6 0000188a 00001913 00001992 00001a0b 00001a7c 00001ae9 00001b50
[91120758] GA viisp:stock-opening-9 GCMD[536]: 00001bb4 00001c13 00001c6f 00001cc8 00001d1e 00001d72 00001dc3 00001e12
[91120758] GA viisp:stock-opening-9 GCMD[544]: 00001e5f 00001eaa 00001ef3 00001f3b 00001f81 00001fc6 00002009 0000204b
[91120758] GA viisp:stock-opening-9 GCMD[552]: 0000208c 000020cb 0000210a 00002147 00002184 000021bf 000021fa 00002234
[91120758] GA viisp:stock-opening-9 GCMD[560]: 0000226c 000022a4 000022dc 00002312 00002348 0000237d 000023b1 000023e5
[91120758] GA viisp:stock-opening-9 GCMD[568]: 00002418 0000244b 0000247d 000024ae 000024df 0000250f 0000253f 0000256e
[91120758] GA viisp:stock-opening-9 GCMD[576]: 0000259d 000025cc 000025fa 00002627 00002654 00002681 000026ad 000026d9
[91120758] GA viisp:stock-opening-9 GCMD[584]: 00002704 0000272f 0000275a 00002784 000027ae 000027d7 00002801 0000282a
[91120758] GA viisp:stock-opening-9 GCMD[592]: 00002852 0000287a 000028a2 000028ca 000028f1 00002918 0000293f 00002966
[91120758] GA viisp:stock-opening-9 GCMD[600]: 0000298c 000029b2 000029d8 000029fd 00002a22 00002a47 00002a6c 00002a91
[91120758] GA viisp:stock-opening-9 GCMD[608]: 00002ab5 00002ad9 00002afd 00002b20 00002b44 00002b67 00002b8a 00002bac
[91120758] GA viisp:stock-opening-9 GCMD[616]: 00002bcf 00002bf1 00002c13 00002c35 00002c57 00002c79 00002c9a 00002cbb
[91120758] GA viisp:stock-opening-9 GCMD[624]: 00002cdc 00002cfd 00002d1e 00002d3e 00002d5f 00002d7f 00002d9f 00002dbf
[91120758] GA viisp:stock-opening-9 GCMD[632]: 00002dde 00002dfe 00002e1d 00002e3c 00002e5b 00002e7a 00002e99 00002eb8
[91120758] GA viisp:stock-opening-9 GCMD[640]: 00002ed6 00002ef5 00002f13 00002f31 00002f4f 00002f6d 00002f8a 00002fa8
[91120758] GA viisp:stock-opening-9 GCMD[648]: 00002fc5 00002fe2 00003000 00003000 00003000 00003000 00003000 00003000
[91120758] GA viisp:stock-opening-9 GCMD[656]: 00003000 00003000 00003000 00003000 00003000 00003000 00003000 00003000
[91120758] GA viisp:stock-opening-9 GCMD[664]: 00003000 00003000 00003000 00003000 00003000 00003000 00003000 00003000
[91120758] GA viisp:stock-opening-9 GCMD[672]: 00003000 00003000 00003000 00003000 00003000 00003000 00003000 00003000
[91120758] GA viisp:stock-opening-9 GCMD[680]: 00003000 00003000 00003000 00003000 00003000 00003000 00003000 00003000
[91120758] GA viisp:stock-opening-9 GCMD[688]: 00003000 00003000 00003000 00003000 00003000 00003000 00003000 00003000
[91120758] GA viisp:stock-opening-9 GCMD[696]: 00003000 00003000 00003000 00003000 00003000 00003000 00003000 00003000
[91120758] GA viisp:stock-opening-9 GCMD[704]: 00003000 00003000 00003000 00003000 00003000 00003000 00003000 00003000
[91120758] GA viisp:stock-opening-9 GCMD[712]: 00003000 00003000 00003000 16550001 00000000 26560101 00001000 00001000
[91120758] GA viisp:stock-opening-9 GCMD[720]: 00001000 00001000 00001000 00001000 00001000 00001000 00001000 00001000
[91120758] GA viisp:stock-opening-9 GCMD[728]: 00001000 00001000 00001000 00001000 00001000 00001000 00001000 00001000
[91120758] GA viisp:stock-opening-9 GCMD[736]: 00001000 00001000 00001000 00001000 00001000 00001000 00001000 00001000
[91120758] GA viisp:stock-opening-9 GCMD[744]: 00001000 00001000 00001000 00001000 00001000 00001000 00001000 00001000
[91120758] GA viisp:stock-opening-9 GCMD[752]: 00001000 00001000 00001000 00001000 00001000 00001000 00001000 00001000
[91120758] GA viisp:stock-opening-9 GCMD[760]: 00001000 00001000 00001000 00001000 00001000 00001000 00001000 00001000
[91120758] GA viisp:stock-opening-9 GCMD[768]: 00001000 00001000 00001000 00001000 00001000 00001000 00001000 00001000
[91120758] GA viisp:stock-opening-9 GCMD[776]: 00001000 00001000 00001000 00001000 00001000 00001000 00001000 00001386
[91120758] GA viisp:stock-opening-9 GCMD[784]: 000014d5 000015cf 0000169f 00001754 000017f6 0000188a 00001913 00001992
[91120758] GA viisp:stock-opening-9 GCMD[792]: 00001a0b 00001a7c 00001ae9 00001b50 00001bb4 00001c13 00001c6f 00001cc8
[91120758] GA viisp:stock-opening-9 GCMD[800]: 00001d1e 00001d72 00001dc3 00001e12 00001e5f 00001eaa 00001ef3 00001f3b
[91120758] GA viisp:stock-opening-9 GCMD[808]: 00001f81 00001fc6 00002009 0000204b 0000208c 000020cb 0000210a 00002147
[91120758] GA viisp:stock-opening-9 GCMD[816]: 00002184 000021bf 000021fa 00002234 0000226c 000022a4 000022dc 00002312
[91120758] GA viisp:stock-opening-9 GCMD[824]: 00002348 0000237d 000023b1 000023e5 00002418 0000244b 0000247d 000024ae
[91120758] GA viisp:stock-opening-9 GCMD[832]: 000024df 0000250f 0000253f 0000256e 0000259d 000025cc 000025fa 00002627
[91120758] GA viisp:stock-opening-9 GCMD[840]: 00002654 00002681 000026ad 000026d9 00002704 0000272f 0000275a 00002784
[91120758] GA viisp:stock-opening-9 GCMD[848]: 000027ae 000027d7 00002801 0000282a 00002852 0000287a 000028a2 000028ca
[91120758] GA viisp:stock-opening-9 GCMD[856]: 000028f1 00002918 0000293f 00002966 0000298c 000029b2 000029d8 000029fd
[91120758] GA viisp:stock-opening-9 GCMD[864]: 00002a22 00002a47 00002a6c 00002a91 00002ab5 00002ad9 00002afd 00002b20
[91120758] GA viisp:stock-opening-9 GCMD[872]: 00002b44 00002b67 00002b8a 00002bac 00002bcf 00002bf1 00002c13 00002c35
[91120758] GA viisp:stock-opening-9 GCMD[880]: 00002c57 00002c79 00002c9a 00002cbb 00002cdc 00002cfd 00002d1e 00002d3e
[91120758] GA viisp:stock-opening-9 GCMD[888]: 00002d5f 00002d7f 00002d9f 00002dbf 00002dde 00002dfe 00002e1d 00002e3c
[91120758] GA viisp:stock-opening-9 GCMD[896]: 00002e5b 00002e7a 00002e99 00002eb8 00002ed6 00002ef5 00002f13 00002f31
[91120758] GA viisp:stock-opening-9 GCMD[904]: 00002f4f 00002f6d 00002f8a 00002fa8 00002fc5 00002fe2 00003000 00003000
[91120758] GA viisp:stock-opening-9 GCMD[912]: 00003000 00003000 00003000 00003000 00003000 00003000 00003000 00003000
[91120758] GA viisp:stock-opening-9 GCMD[920]: 00003000 00003000 00003000 00003000 00003000 00003000 00003000 00003000
[91120758] GA viisp:stock-opening-9 GCMD[928]: 00003000 00003000 00003000 00003000 00003000 00003000 00003000 00003000
[91120758] GA viisp:stock-opening-9 GCMD[936]: 00003000 00003000 00003000 00003000 00003000 00003000 00003000 00003000
[91120758] GA viisp:stock-opening-9 GCMD[944]: 00003000 00003000 00003000 00003000 00003000 00003000 00003000 00003000
[91120758] GA viisp:stock-opening-9 GCMD[952]: 00003000 00003000 00003000 00003000 00003000 00003000 00003000 00003000
[91120758] GA viisp:stock-opening-9 GCMD[960]: 00003000 00003000 00003000 00003000 00003000 00003000 00003000 00003000
[91120758] GA viisp:stock-opening-9 GCMD[968]: 00003000 00003000 00003000 00003000 00003000 00003000 00003000 16570001
[91120758] GA viisp:stock-opening-9 GCMD[976]: 00000000 26580101 00001000 00001000 00001000 00001000 00001000 00001000
[91120758] GA viisp:stock-opening-9 GCMD[984]: 00001000 00001000 00001000 00001000 00001000 00001000 00001000 00001000
[91120758] GA viisp:stock-opening-9 GCMD[992]: 00001000 00001000 00001000 00001000 00001000 00001000 00001000 00001000
[91120758] GA viisp:stock-opening-9 GCMD[1000]: 00001000 00001000 00001000 00001000 00001000 00001000 00001000 00001000
[91120758] GA viisp:stock-opening-9 GCMD[1008]: 00001000 00001000 00001000 00001000 00001000 00001000 00001000 00001000
[91120758] GA viisp:stock-opening-9 GCMD[1016]: 00001000 00001000 00001000 00001000 00001000 00001000 00001000 00001000
[91120758] GA viisp:stock-opening-9 GCMD[1024]: 00001000 00001000 00001000 00001000 00001000 00001000 00001000 00001000
[91120758] GA viisp:stock-opening-9 GCMD[1032]: 00001000 00001000 00001000 00001000 00001000 00001000 00001000 00001000
[91120758] GA viisp:stock-opening-9 GCMD[1040]: 00001000 00001000 00001000 00001386 000014d5 000015cf 0000169f 00001754
[91120758] GA viisp:stock-opening-9 GCMD[1048]: 000017f6 0000188a 00001913 00001992 00001a0b 00001a7c 00001ae9 00001b50
[91120758] GA viisp:stock-opening-9 GCMD[1056]: 00001bb4 00001c13 00001c6f 00001cc8 00001d1e 00001d72 00001dc3 00001e12
[91120758] GA viisp:stock-opening-9 GCMD[1064]: 00001e5f 00001eaa 00001ef3 00001f3b 00001f81 00001fc6 00002009 0000204b
[91120758] GA viisp:stock-opening-9 GCMD[1072]: 0000208c 000020cb 0000210a 00002147 00002184 000021bf 000021fa 00002234
[91120758] GA viisp:stock-opening-9 GCMD[1080]: 0000226c 000022a4 000022dc 00002312 00002348 0000237d 000023b1 000023e5
[91120758] GA viisp:stock-opening-9 GCMD[1088]: 00002418 0000244b 0000247d 000024ae 000024df 0000250f 0000253f 0000256e
[91120758] GA viisp:stock-opening-9 GCMD[1096]: 0000259d 000025cc 000025fa 00002627 00002654 00002681 000026ad 000026d9
[91120758] GA viisp:stock-opening-9 GCMD[1104]: 00002704 0000272f 0000275a 00002784 000027ae 000027d7 00002801 0000282a
[91120758] GA viisp:stock-opening-9 GCMD[1112]: 00002852 0000287a 000028a2 000028ca 000028f1 00002918 0000293f 00002966
[91120758] GA viisp:stock-opening-9 GCMD[1120]: 0000298c 000029b2 000029d8 000029fd 00002a22 00002a47 00002a6c 00002a91
[91120758] GA viisp:stock-opening-9 GCMD[1128]: 00002ab5 00002ad9 00002afd 00002b20 00002b44 00002b67 00002b8a 00002bac
[91120758] GA viisp:stock-opening-9 GCMD[1136]: 00002bcf 00002bf1 00002c13 00002c35 00002c57 00002c79 00002c9a 00002cbb
[91120758] GA viisp:stock-opening-9 GCMD[1144]: 00002cdc 00002cfd 00002d1e 00002d3e 00002d5f 00002d7f 00002d9f 00002dbf
[91120758] GA viisp:stock-opening-9 GCMD[1152]: 00002dde 00002dfe 00002e1d 00002e3c 00002e5b 00002e7a 00002e99 00002eb8
[91120758] GA viisp:stock-opening-9 GCMD[1160]: 00002ed6 00002ef5 00002f13 00002f31 00002f4f 00002f6d 00002f8a 00002fa8
[91120758] GA viisp:stock-opening-9 GCMD[1168]: 00002fc5 00002fe2 00003000 00003000 00003000 00003000 00003000 00003000
[91120758] GA viisp:stock-opening-9 GCMD[1176]: 00003000 00003000 00003000 00003000 00003000 00003000 00003000 00003000
[91120758] GA viisp:stock-opening-9 GCMD[1184]: 00003000 00003000 00003000 00003000 00003000 00003000 00003000 00003000
[91120758] GA viisp:stock-opening-9 GCMD[1192]: 00003000 00003000 00003000 00003000 00003000 00003000 00003000 00003000
[91120758] GA viisp:stock-opening-9 GCMD[1200]: 00003000 00003000 00003000 00003000 00003000 00003000 00003000 00003000
[91120758] GA viisp:stock-opening-9 GCMD[1208]: 00003000 00003000 00003000 00003000 00003000 00003000 00003000 00003000
[91120758] GA viisp:stock-opening-9 GCMD[1216]: 00003000 00003000 00003000 00003000 00003000 00003000 00003000 00003000
[91120758] GA viisp:stock-opening-9 GCMD[1224]: 00003000 00003000 00003000 00003000 00003000 00003000 00003000 00003000
[91120758] GA viisp:stock-opening-9 GCMD[1232]: 00003000 00003000 00003000 10530002 00000001 00000000 40000026
[91123084] SB viisp:stock-opening-10 words=26
[91123084] GA viisp:stock-opening-10 GCMD[0]: 00000d00 19300012 0000001d 88888888 78787800 00000078 88888888 78787800
[91123084] GA viisp:stock-opening-10 GCMD[8]: 00000078 88888888 78787800 00000078 88888888 78787800 00000078 3fc00000
[91123084] GA viisp:stock-opening-10 GCMD[16]: 00000000 00070000 00000000 00070000 00000d00 00000d00 10530002 00000001
[91123084] GA viisp:stock-opening-10 GCMD[24]: 00000000 40000026
[91125285] SB viisp:vi-routing words=6
[91125285] GA viisp:vi-routing GCMD[0]: 00000c00 10990001 00000003 10830001 00200004 4000002f
[92125666] SB viisp:stock-opening-11 words=41
[92125666] GA viisp:stock-opening-11 GCMD[0]: 00000d00 1e000001 00070000 1e010001 00070000 1e020001 010000c9 1e030001
[92125666] GA viisp:stock-opening-11 GCMD[8]: 00000000 1e040003 00000000 00000000 00000100 15000006 00000003 00001999
[92125666] GA viisp:stock-opening-11 GCMD[16]: 0a000000 05a00000 00000000 00080008 00000d00 10150001 04040007 00000d00
[92125666] GA viisp:stock-opening-11 GCMD[24]: 11000004 00000000 00000000 00000000 00000000 00000d00 00000d00 20000001
[92125666] GA viisp:stock-opening-11 GCMD[32]: 00000424 20000001 00000525 20000001 00000627 00000d00 200c0001 00000005
[92125666] GA viisp:stock-opening-11 GCMD[40]: 40000026
[92126163] SB viisp:vi-shot words=12
[92126163] GA viisp:vi-shot GCMD[0]: 00000040 10080001 26000017 00000c00 20810001 00000001 20000001 00000f2e
[92126163] GA viisp:vi-shot GCMD[8]: 20000001 00000a31 20000001 0000002f
[95148273] SB viisp:stock-opening-13 words=117
[95148273] GA viisp:stock-opening-13 GCMD[0]: 00000d00 00000d00 19020001 00000000 29030040 07ff0007 07f707f4 07f70037
[95148273] GA viisp:stock-opening-13 GCMD[8]: 07e707df 07f707f4 005307f8 07b907a3 00e607ea 07f60037 07b907a3 07b901a9
[95148273] GA viisp:stock-opening-13 GCMD[16]: 073b0701 07e707df 00e707ea 073b0701 027e07c4 07fd07fc 07fc001a 07ed07e7
[95148273] GA viisp:stock-opening-13 GCMD[24]: 07f40048 001707fe 077f0758 00af07ef 00620080 07ec07e7 07de00c9 076b073d
[95148273] GA viisp:stock-opening-13 GCMD[32]: 07a2022e 003f07fa 0062007f 01e707d2 058004be 07fd07fc 001707fe 07ed07e7
[95148273] GA viisp:stock-opening-13 GCMD[40]: 003f07fa 07fc001a 077f0758 07de00c9 00620080 07ec07e7 00af07ef 076b073d
[95148273] GA viisp:stock-opening-13 GCMD[48]: 01e707d2 07f40048 0062007f 07a2022e 058004be 000707ff 07f707f4 003007fc
[95148273] GA viisp:stock-opening-13 GCMD[56]: 07e707df 07f707f4 07f0005f 07b907a3 07d40108 003007fb 07b907a3 017207dd
[95148273] GA viisp:stock-opening-13 GCMD[64]: 073b0701 07e707df 07d40108 073b0701 078402dc 19040002 00004444 00000001
[95148273] GA viisp:stock-opening-13 GCMD[72]: 19060001 00000000 29070024 00000000 000006e3 00000004 000006e3 000000be
[95148273] GA viisp:stock-opening-13 GCMD[80]: 0000036a 00000005 0000036a 00000032 00000749 00000001 00000051 0000000e
[95148273] GA viisp:stock-opening-13 GCMD[88]: 0000004c 000000a2 00000051 0000000f 000002c8 00000749 0000000e 00000051
[95148273] GA viisp:stock-opening-13 GCMD[96]: 00000001 0000004c 0000000f 00000051 000000a2 000002c8 00000004 000006e3
[95148273] GA viisp:stock-opening-13 GCMD[104]: 0000002f 000006e3 00000011 0000036a 0000002e 0000036a 0000022e 19080001
[95148273] GA viisp:stock-opening-13 GCMD[112]: 00004334 10530002 00000001 00000000 40000026
[95149056] SB viisp:stock-opening-14 words=38
[95149056] GA viisp:stock-opening-14 GCMD[0]: 00000d00 1e000001 00070000 1e010001 00070000 1e020001 010000c9 1e030001
[95149056] GA viisp:stock-opening-14 GCMD[8]: 00000000 1e040003 00000000 00000000 00000100 15000006 00000003 00001999
[95149056] GA viisp:stock-opening-14 GCMD[16]: 0a000000 05a00000 00000000 00080008 00000d00 11000004 00000000 00000000
[95149056] GA viisp:stock-opening-14 GCMD[24]: 00000000 00000000 00000d00 00000d00 20000001 00000424 20000001 00000525
[95149056] GA viisp:stock-opening-14 GCMD[32]: 20000001 00000627 00000d00 200c0001 00000005 40000026
[95760761] SB viisp:vi-shot words=12
[95760761] GA viisp:vi-shot GCMD[0]: 00000040 10080001 26000017 00000c00 20810001 00000001 20000001 00000f2e
[95760761] GA viisp:vi-shot GCMD[8]: 20000001 00000a31 20000001 0000002f
[101700341] SB viisp:working-config words=578
[101700341] GA viisp:working-config GCMD[0]: 00000d00 1400000c 00000001 004b0000 00930000 00220000 2ff01000 2ff01000
[101700341] GA viisp:working-config GCMD[8]: 2ff01000 2ff01000 00130020 0002003f 000a0028 0001003f 18000003 81200000
[101700341] GA viisp:working-config GCMD[16]: 00100010 02b004e0 18200003 81200000 00100010 02b004e0 1c000003 00005a01
[101700341] GA viisp:working-config GCMD[24]: 00000000 00820500 17000010 00000001 00000000 00000000 00000000 00000000
[101700341] GA viisp:working-config GCMD[32]: 000024c0 00000000 10000000 00000000 00000000 00001000 00001c80 30001000
[101700341] GA viisp:working-config GCMD[40]: 30001000 30001000 30001000 17500010 00000003 00000000 00000000 00000000
[101700341] GA viisp:working-config GCMD[48]: 00000000 00001000 00000000 10000000 00000000 00000000 00001000 00000000
[101700341] GA viisp:working-config GCMD[56]: 30001000 30001000 30001000 30001000 1d00000a 00000001 01999990 00ccccc0
[101700341] GA viisp:working-config GCMD[64]: 01999990 02222220 01111110 02222220 02800140 01de00ee 00000021 1d0a0001
[101700341] GA viisp:working-config GCMD[72]: 00000000 2d0b01e0 0001daf0 0001e2c0 0001e3f0 0001ea68 0001bc50 0001c5b8
[101700341] GA viisp:working-config GCMD[80]: 0001c458 0001d028 0001b670 0001bc90 0001bf38 0001c828 0001a1e8 0001ad48
[101700341] GA viisp:working-config GCMD[88]: 0001aa38 0001b4e0 0001a1e8 0001ad48 0001aa38 0001b4e0 00018f28 000196b0
[101700341] GA viisp:working-config GCMD[96]: 00019230 0001ae00 00018700 00019490 00018b78 0001a628 00019f70 0001abe0
[101700341] GA viisp:working-config GCMD[104]: 0001a288 0001a9f0 00019f70 0001abe0 0001a288 0001a9f0 0001afa0 0001bbf0
[101700341] GA viisp:working-config GCMD[112]: 0001b1e8 0001b9e8 0001bbd8 0001c9a8 0001c018 0001bef0 0001ca28 0001d650
[101700341] GA viisp:working-config GCMD[120]: 0001cb48 0001d480 0001aca0 0001b5a0 0001bb50 0001c068 00019f28 0001adc8
[101700341] GA viisp:working-config GCMD[128]: 0001b008 0001b830 00017ff8 00018e40 00018a80 00019c38 00017f50 00018930
[101700341] GA viisp:working-config GCMD[136]: 00018868 00019670 00017f50 00018930 00018868 00019670 00016b20 00017080
[101700341] GA viisp:working-config GCMD[144]: 00016b58 00017af0 00016d40 000175a0 00016eb8 00017a30 00017330 00018308
[101700341] GA viisp:working-config GCMD[152]: 00017b40 00018570 00017330 00018308 00017b40 00018570 00017858 00018c18
[101700341] GA viisp:working-config GCMD[160]: 000183a8 00018f98 000182a0 00019408 00018830 00019778 0001a578 0001b660
[101700341] GA viisp:working-config GCMD[168]: 0001ac18 0001ac98 00019690 0001a228 0001a558 0001a530 00017888 000179a0
[101700341] GA viisp:working-config GCMD[176]: 00017c90 00018898 00017a30 00017f18 00018208 00017520 00016630 00016958
[101700341] GA viisp:working-config GCMD[184]: 00016800 00016380 00016630 00016958 00016800 00016380 000146c8 00014870
[101700341] GA viisp:working-config GCMD[192]: 000145c8 00014b80 00013ec0 000141d8 00013f20 00014538 00015d68 00016420
[101700341] GA viisp:working-config GCMD[200]: 00015db8 00015af8 00015d68 00016420 00015db8 00015af8 00016cb0 00017090
[101700341] GA viisp:working-config GCMD[208]: 00016da0 00016840 00017448 000184e0 000178c0 00018108 00017f68 00018760
[101700341] GA viisp:working-config GCMD[216]: 00018568 00018490 00017e58 00018748 00018b80 00018480 000178d8 00017930
[101700341] GA viisp:working-config GCMD[224]: 00017be8 00017098 00015a60 00015df0 00015d08 00015520 00014a10 00014ad8
[101700341] GA viisp:working-config GCMD[232]: 00014ab0 00014128 00014a10 00014ad8 00014ab0 00014128 00012050 000122f0
[101700341] GA viisp:working-config GCMD[240]: 00011f60 000120e0 00012190 000120a8 00011da8 00012318 00013e50 000143a0
[101700341] GA viisp:working-config GCMD[248]: 00013f18 00013778 00013e50 000143a0 00013f18 00013778 00014f90 000156a0
[101700341] GA viisp:working-config GCMD[256]: 00015278 00014cd8 000166f8 00016b40 000164c0 00015c90 000170a8 00017d08
[101700341] GA viisp:working-config GCMD[264]: 000177e8 00017270 00015e08 00016408 000168b8 00015ae0 00013d80 00013b38
[101700341] GA viisp:working-config GCMD[272]: 00013ea8 00013ef8 000130a0 00012df0 00013100 00012b30 00011ad8 00011478
[101700341] GA viisp:working-config GCMD[280]: 00011600 00011b18 00011ad8 00011478 00011600 00011b18 0000f3d0 0000f100
[101700341] GA viisp:working-config GCMD[288]: 0000f110 0000f980 0000ead8 0000ea90 0000e9e8 0000f3d0 00010cc0 000109f0
[101700341] GA viisp:working-config GCMD[296]: 00010848 00011360 00010cc0 000109f0 00010848 00011360 00011fc8 00011de0
[101700341] GA viisp:working-config GCMD[304]: 00011db8 00011f00 000135d8 00013908 00013580 000138f8 00014798 00014d18
[101700341] GA viisp:working-config GCMD[312]: 00014c70 00014678 000149a8 00014d10 00015248 00014470 000143f8 000140e8
[101700341] GA viisp:working-config GCMD[320]: 000144f0 000138e0 000113b8 00011440 000115a8 00010f28 00010df8 00010b70
[101700341] GA viisp:working-config GCMD[328]: 00010d88 00010918 00010df8 00010b70 00010d88 00010918 0000f7e8 0000f540
[101700341] GA viisp:working-config GCMD[336]: 0000f540 0000f770 0000ecf0 0000ed30 0000ebd8 0000ee20 00011170 00010f10
[101700341] GA viisp:working-config GCMD[344]: 00010da0 00010cf8 00011170 00010f10 00010da0 00010cf8 000120b8 00012380
[101700341] GA viisp:working-config GCMD[352]: 000120f8 00011f98 00013878 00013838 000136a0 00012ee0 00014ac8 00015278
[101700341] GA viisp:working-config GCMD[360]: 00014ff8 00014470 00017510 00017bc0 00017e20 000177b8 00016778 00016980
[101700341] GA viisp:working-config GCMD[368]: 00016ba8 00016000 00015220 000155b8 00015560 00014808 000141c0 000142f8
[101700341] GA viisp:working-config GCMD[376]: 000142b8 00013508 000141c0 000142f8 000142b8 00013508 000124c8 00012280
[101700341] GA viisp:working-config GCMD[384]: 00012038 00011be8 00012090 00011ee8 00011bb8 000118a8 00013c08 00013f48
[101700341] GA viisp:working-config GCMD[392]: 00013bd0 00012f98 00013c08 00013f48 00013bd0 00012f98 00014a68 00014f10
[101700341] GA viisp:working-config GCMD[400]: 00014bb0 00013e70 00015cb8 000161e0 00015ea0 00015328 00016700 00017040
[101700341] GA viisp:working-config GCMD[408]: 00016d10 00016290 00018468 00018e38 00019128 00018d38 00016b50 00017430
[101700341] GA viisp:working-config GCMD[416]: 00017308 00017d28 00017188 00017170 00017390 000169e8 00016030 000161f8
[101700341] GA viisp:working-config GCMD[424]: 000160c8 000157e0 00016030 000161f8 000160c8 000157e0 00014b78 00014608
[101700341] GA viisp:working-config GCMD[432]: 00014600 00013e58 00013f88 00014178 00013b38 00013b48 00015cd0 00015db0
[101700341] GA viisp:working-config GCMD[440]: 00015af8 000151c0 00015cd0 00015db0 00015af8 000151c0 00015fa8 00016bd0
[101700341] GA viisp:working-config GCMD[448]: 000165a8 00015f98 00016518 000168d0 00016740 00016570 00016ef0 00017c48
[101700341] GA viisp:working-config GCMD[456]: 00017758 00017770 00019d80 0001a7e8 0001a8c8 0001b3b8 00018240 00018bf0
[101700341] GA viisp:working-config GCMD[464]: 00018cf8 00019248 00016900 00017788 00017238 00018718 00016578 00016fe0
[101700341] GA viisp:working-config GCMD[472]: 00016da0 00017ba0 00016578 00016fe0 00016da0 00017ba0 00015d98 00016198
[101700341] GA viisp:working-config GCMD[480]: 00015b70 00016ca8 00015f98 00016020 00015bd8 00016930 00015c70 000169d8
[101700341] GA viisp:working-config GCMD[488]: 00016340 00016fa8 00015c70 000169d8 00016340 00016fa8 00016708 00016f00
[101700341] GA viisp:working-config GCMD[496]: 00016aa8 00017cc8 00016270 00017840 00017358 00017cf0 00019610 00019d28
[101700341] GA viisp:working-config GCMD[504]: 00019938 00019638 0001b7c0 0001c038 0001bf28 0001c7b0 0001a8d8 0001b350
[101700341] GA viisp:working-config GCMD[512]: 0001b008 0001bba8 0001a088 0001a598 0001a368 0001a928 00018c80 00019560
[101700341] GA viisp:working-config GCMD[520]: 00019100 00019618 00018c80 00019560 00019100 00019618 000174f8 00017b00
[101700341] GA viisp:working-config GCMD[528]: 000176f8 000188e8 00017680 00017f58 00017528 000186a8 00018428 00018d00
[101700341] GA viisp:working-config GCMD[536]: 000187b8 00018e20 00018428 00018d00 000187b8 00018e20 000194f8 00019e68
[101700341] GA viisp:working-config GCMD[544]: 00019510 00019978 0001a070 0001a9f8 0001a458 0001aaf0 00019e10 0001ad50
[101700341] GA viisp:working-config GCMD[552]: 0001a5d0 0001a948 1d0c0002 00000000 00000077 16000010 00000005 00000000
[101700341] GA viisp:working-config GCMD[560]: 00000000 00000000 00000000 f9500800 0000fec0 096004c0 000001d0 fac0fd50
[101700341] GA viisp:working-config GCMD[568]: 00000800 00000000 3fff0000 3fff0000 3fff0000 10001000 10530002 00000001
[101700341] GA viisp:working-config GCMD[576]: 81100000 40000026
[101702963] SB viisp:cal-round words=26
[101702963] GA viisp:cal-round GCMD[0]: 00000d00 19300012 0000001d 88888888 78787800 00000078 88888888 78787800
[101702963] GA viisp:cal-round GCMD[8]: 00000078 88888888 78787800 00000078 88888888 78787800 00000078 3fc00000
[101702963] GA viisp:cal-round GCMD[16]: 00000000 00070000 00000000 00070000 00000d00 00000d00 10530002 00000001
[101702963] GA viisp:cal-round GCMD[24]: 00000000 40000026
[101703437] SB viisp:frame words=42
[101703437] GA viisp:frame GCMD[0]: 00000d00 1e000001 04ff0000 1e010001 02cf0000 1e020001 04fe00e6 1e030001
[101703437] GA viisp:frame GCMD[8]: 00000000 1e040003 00000000 00000000 00000500 1e070003 00000000 00000000
[101703437] GA viisp:frame GCMD[16]: 00000280 1e0a0003 00000000 00000000 00000280 15000006 00000000 00000000
[101703437] GA viisp:frame GCMD[24]: 00000000 00000000 00000000 02d00500 00000d00 20000001 00000424 20000001
[101703437] GA viisp:frame GCMD[32]: 00000525 20000001 00000627 00000d00 200c0001 00000005 40000026 00000040
[101703437] GA viisp:frame GCMD[40]: 10080001 24000002
[101703805] SB viisp:warm-up words=34
[101703805] GA viisp:warm-up GCMD[0]: 00000d00 1e000001 00070000 1e010001 00070000 1e020001 010000c9 1e030001
[101703805] GA viisp:warm-up GCMD[8]: 00000000 1e040003 00000000 00000000 00000100 15000006 00000003 00001999
[101703805] GA viisp:warm-up GCMD[16]: 0a000000 05a00000 00000000 00080008 11000004 00000000 00000000 00000000
[101703805] GA viisp:warm-up GCMD[24]: 00000000 20000001 00000424 20000001 00000525 20000001 00000627 200c0001
[101703805] GA viisp:warm-up GCMD[32]: 00000005 40000026
[102317928] SB viisp:vi-shot words=12
[102317928] GA viisp:vi-shot GCMD[0]: 00000040 10080001 26000017 00000c00 20810001 00000001 20000001 00000f2e
[102317928] GA viisp:vi-shot GCMD[8]: 20000001 00000a31 20000001 0000002f
